episode,reward,ep_block_prob,ep_accepted_requests,ep_rejected_requests,ep_deploy_all,ep_fdd,ep_ffi,ep_bf1b1,avg_latency,avg_cost,avg_cpu_cluster_selected,gini,execution_time,test,algorithm,cluster,replicas,config,acceptance_rate
1,54.29,0.0,100.0,0.0,91.0,9.0,0.0,0.0,480.03,20.32,10.99,0.65,0.06,DQN_c8_r4,DQN,8,4,c8_r4,1.0
2,58.38,0.0,100.0,0.0,98.0,2.0,0.0,0.0,441.0,18.25,13.94,0.55,0.05,DQN_c8_r4,DQN,8,4,c8_r4,1.0
3,63.0,0.0,100.0,0.0,99.0,1.0,0.0,0.0,443.51,7.34,11.61,0.56,0.08,DQN_c8_r4,DQN,8,4,c8_r4,1.0
4,59.55,0.01,99.0,1.0,98.0,1.0,0.0,0.0,422.3,4.3,14.94,0.71,0.05,DQN_c8_r4,DQN,8,4,c8_r4,0.99
5,51.21,0.01,99.0,1.0,92.0,7.0,0.0,0.0,517.79,9.21,12.42,0.8,0.06,DQN_c8_r4,DQN,8,4,c8_r4,0.99
6,59.8,0.0,100.0,0.0,98.0,2.0,0.0,0.0,433.61,9.71,13.05,0.69,0.06,DQN_c8_r4,DQN,8,4,c8_r4,1.0
7,48.86,0.01,99.0,1.0,93.0,6.0,0.0,0.0,467.1,18.91,15.39,0.79,0.06,DQN_c8_r4,DQN,8,4,c8_r4,0.99
8,52.69,0.0,100.0,0.0,99.0,1.0,0.0,0.0,429.44,29.34,10.85,0.42,0.05,DQN_c8_r4,DQN,8,4,c8_r4,1.0
9,59.02,0.0,100.0,0.0,100.0,0.0,0.0,0.0,408.88,10.08,13.99,0.66,0.05,DQN_c8_r4,DQN,8,4,c8_r4,1.0
10,61.14,0.0,100.0,0.0,100.0,0.0,0.0,0.0,475.86,2.26,14.62,0.66,0.05,DQN_c8_r4,DQN,8,4,c8_r4,1.0
11,54.83,0.0,100.0,0.0,99.0,1.0,0.0,0.0,465.91,13.4,13.24,0.73,0.06,DQN_c8_r4,DQN,8,4,c8_r4,1.0
12,57.82,0.0,100.0,0.0,95.0,5.0,0.0,0.0,470.96,5.21,11.08,0.73,0.06,DQN_c8_r4,DQN,8,4,c8_r4,1.0
13,63.0,0.0,100.0,0.0,100.0,0.0,0.0,0.0,461.72,6.22,12.97,0.55,0.05,DQN_c8_r4,DQN,8,4,c8_r4,1.0
14,63.86,0.0,100.0,0.0,99.0,1.0,0.0,0.0,438.33,4.82,14.37,0.57,0.05,DQN_c8_r4,DQN,8,4,c8_r4,1.0
15,62.66,0.0,100.0,0.0,100.0,0.0,0.0,0.0,397.35,3.44,15.19,0.68,0.05,DQN_c8_r4,DQN,8,4,c8_r4,1.0
16,61.06,0.0,100.0,0.0,100.0,0.0,0.0,0.0,433.91,16.7,12.51,0.52,0.05,DQN_c8_r4,DQN,8,4,c8_r4,1.0
17,63.57,0.0,100.0,0.0,99.0,1.0,0.0,0.0,466.29,3.02,12.98,0.6,0.05,DQN_c8_r4,DQN,8,4,c8_r4,1.0
18,51.33,0.01,99.0,1.0,87.0,12.0,0.0,0.0,498.18,8.38,11.58,0.81,0.06,DQN_c8_r4,DQN,8,4,c8_r4,0.99
19,59.29,0.0,100.0,0.0,99.0,1.0,0.0,0.0,436.89,13.78,14.65,0.61,0.06,DQN_c8_r4,DQN,8,4,c8_r4,1.0
20,63.17,0.0,100.0,0.0,100.0,0.0,0.0,0.0,452.59,4.42,13.88,0.6,0.05,DQN_c8_r4,DQN,8,4,c8_r4,1.0
21,53.93,0.01,99.0,1.0,92.0,7.0,0.0,0.0,483.81,10.04,13.74,0.69,0.06,DQN_c8_r4,DQN,8,4,c8_r4,0.99
22,63.0,0.0,100.0,0.0,99.0,1.0,0.0,0.0,443.51,7.34,11.61,0.56,0.05,DQN_c8_r4,DQN,8,4,c8_r4,1.0
23,45.48,0.02,98.0,2.0,91.0,7.0,0.0,0.0,549.87,18.67,13.81,0.75,0.06,DQN_c8_r4,DQN,8,4,c8_r4,0.98
24,59.05,0.0,100.0,0.0,99.0,1.0,0.0,0.0,458.6,16.68,13.85,0.55,0.05,DQN_c8_r4,DQN,8,4,c8_r4,1.0
25,30.01,0.19,81.0,19.0,43.0,38.0,0.0,0.0,435.77,13.91,14.32,0.53,0.07,DQN_c8_r4,DQN,8,4,c8_r4,0.81
26,46.4,0.08,92.0,8.0,60.0,32.0,0.0,0.0,400.72,4.3,9.16,0.76,0.07,DQN_c8_r4,DQN,8,4,c8_r4,0.92
27,59.96,0.01,99.0,1.0,94.0,5.0,0.0,0.0,479.14,6.14,13.38,0.6,0.06,DQN_c8_r4,DQN,8,4,c8_r4,0.99
28,60.15,0.01,99.0,1.0,95.0,4.0,0.0,0.0,463.94,5.6,16.19,0.63,0.06,DQN_c8_r4,DQN,8,4,c8_r4,0.99
29,54.2,0.0,100.0,0.0,100.0,0.0,0.0,0.0,448.81,9.6,16.57,0.79,0.05,DQN_c8_r4,DQN,8,4,c8_r4,1.0
30,60.18,0.0,100.0,0.0,100.0,0.0,0.0,0.0,456.65,8.0,12.39,0.63,0.05,DQN_c8_r4,DQN,8,4,c8_r4,1.0
1,54.0,0.0,100.0,0.0,91.0,9.0,0.0,0.0,476.76,20.32,15.48,0.66,0.06,DQN_c8_r6,DQN,8,6,c8_r6,1.0
2,62.09,0.0,100.0,0.0,96.0,4.0,0.0,0.0,411.67,19.38,19.01,0.47,0.06,DQN_c8_r6,DQN,8,6,c8_r6,1.0
3,20.84,0.2,80.0,20.0,10.0,70.0,0.0,0.0,468.28,19.28,13.27,0.75,0.1,DQN_c8_r6,DQN,8,6,c8_r6,0.8
4,59.4,0.01,99.0,1.0,98.0,1.0,0.0,0.0,422.18,4.4,20.6,0.71,0.05,DQN_c8_r6,DQN,8,6,c8_r6,0.99
5,52.56,0.0,100.0,0.0,92.0,8.0,0.0,0.0,518.78,9.76,16.81,0.8,0.06,DQN_c8_r6,DQN,8,6,c8_r6,1.0
6,59.82,0.0,100.0,0.0,98.0,2.0,0.0,0.0,434.15,9.8,18.41,0.69,0.05,DQN_c8_r6,DQN,8,6,c8_r6,1.0
7,49.62,0.0,100.0,0.0,93.0,7.0,0.0,0.0,479.08,19.36,20.76,0.8,0.06,DQN_c8_r6,DQN,8,6,c8_r6,1.0
8,52.42,0.0,100.0,0.0,99.0,1.0,0.0,0.0,423.83,29.48,14.27,0.46,0.05,DQN_c8_r6,DQN,8,6,c8_r6,1.0
9,61.26,0.0,100.0,0.0,100.0,0.0,0.0,0.0,407.84,7.7,20.34,0.64,0.05,DQN_c8_r6,DQN,8,6,c8_r6,1.0
10,59.99,0.0,100.0,0.0,100.0,0.0,0.0,0.0,398.86,5.94,19.93,0.72,0.05,DQN_c8_r6,DQN,8,6,c8_r6,1.0
11,60.25,0.0,100.0,0.0,99.0,1.0,0.0,0.0,464.98,13.74,17.33,0.57,0.06,DQN_c8_r6,DQN,8,6,c8_r6,1.0
12,57.65,0.01,99.0,1.0,93.0,6.0,0.0,0.0,448.07,5.29,15.01,0.7,0.06,DQN_c8_r6,DQN,8,6,c8_r6,0.99
13,62.65,0.0,100.0,0.0,99.0,1.0,0.0,0.0,460.34,7.48,18.57,0.55,0.05,DQN_c8_r6,DQN,8,6,c8_r6,1.0
14,59.81,0.01,99.0,1.0,93.0,6.0,0.0,0.0,414.42,6.39,17.23,0.64,0.06,DQN_c8_r6,DQN,8,6,c8_r6,0.99
15,63.14,0.0,100.0,0.0,99.0,1.0,0.0,0.0,399.4,4.56,20.35,0.65,0.05,DQN_c8_r6,DQN,8,6,c8_r6,1.0
16,61.37,0.0,100.0,0.0,100.0,0.0,0.0,0.0,438.53,16.92,18.57,0.51,0.05,DQN_c8_r6,DQN,8,6,c8_r6,1.0
17,62.65,0.0,100.0,0.0,98.0,2.0,0.0,0.0,474.36,4.02,18.32,0.6,0.05,DQN_c8_r6,DQN,8,6,c8_r6,1.0
18,52.34,0.01,99.0,1.0,87.0,12.0,0.0,0.0,479.2,8.16,15.14,0.79,0.06,DQN_c8_r6,DQN,8,6,c8_r6,0.99
19,63.32,0.0,100.0,0.0,94.0,6.0,0.0,0.0,449.87,6.4,19.88,0.6,0.06,DQN_c8_r6,DQN,8,6,c8_r6,1.0
20,63.04,0.0,100.0,0.0,100.0,0.0,0.0,0.0,448.84,5.0,20.03,0.61,0.05,DQN_c8_r6,DQN,8,6,c8_r6,1.0
21,52.31,0.0,100.0,0.0,92.0,8.0,0.0,0.0,471.13,15.46,17.77,0.7,0.06,DQN_c8_r6,DQN,8,6,c8_r6,1.0
22,62.02,0.0,100.0,0.0,98.0,2.0,0.0,0.0,451.45,8.98,16.73,0.54,0.05,DQN_c8_r6,DQN,8,6,c8_r6,1.0
23,52.31,0.01,99.0,1.0,92.0,7.0,0.0,0.0,510.95,17.17,17.77,0.65,0.06,DQN_c8_r6,DQN,8,6,c8_r6,0.99
24,55.69,0.0,100.0,0.0,96.0,4.0,0.0,0.0,441.15,19.94,19.85,0.66,0.06,DQN_c8_r6,DQN,8,6,c8_r6,1.0
25,39.17,0.13,87.0,13.0,42.0,45.0,0.0,0.0,421.58,14.94,14.21,0.6,0.08,DQN_c8_r6,DQN,8,6,c8_r6,0.87
26,48.52,0.07,93.0,7.0,48.0,45.0,0.0,0.0,386.42,4.0,10.23,0.78,0.08,DQN_c8_r6,DQN,8,6,c8_r6,0.93
27,61.0,0.0,100.0,0.0,98.0,2.0,0.0,0.0,469.87,6.95,20.14,0.64,0.05,DQN_c8_r6,DQN,8,6,c8_r6,1.0
28,59.96,0.0,100.0,0.0,96.0,4.0,0.0,0.0,463.47,6.2,22.03,0.66,0.06,DQN_c8_r6,DQN,8,6,c8_r6,1.0
29,53.9,0.0,100.0,0.0,99.0,1.0,0.0,0.0,449.21,9.94,22.61,0.77,0.05,DQN_c8_r6,DQN,8,6,c8_r6,1.0
30,52.07,0.04,96.0,4.0,87.0,9.0,0.0,0.0,455.84,9.66,14.02,0.68,0.06,DQN_c8_r6,DQN,8,6,c8_r6,0.96
1,52.46,0.0,100.0,0.0,90.0,10.0,0.0,0.0,472.21,20.8,19.75,0.71,0.06,DQN_c8_r8,DQN,8,8,c8_r8,1.0
2,53.67,0.02,98.0,2.0,91.0,7.0,0.0,0.0,445.97,22.38,22.24,0.54,0.06,DQN_c8_r8,DQN,8,8,c8_r8,0.98
3,36.23,0.11,89.0,11.0,10.0,79.0,0.0,0.0,461.09,19.2,12.81,0.71,0.1,DQN_c8_r8,DQN,8,8,c8_r8,0.89
4,60.83,0.01,99.0,1.0,91.0,8.0,0.0,0.0,411.12,8.92,23.18,0.62,0.06,DQN_c8_r8,DQN,8,8,c8_r8,0.99
5,52.36,0.0,100.0,0.0,92.0,8.0,0.0,0.0,518.84,9.76,21.22,0.8,0.06,DQN_c8_r8,DQN,8,8,c8_r8,1.0
6,60.41,0.0,100.0,0.0,96.0,4.0,0.0,0.0,411.72,7.64,23.27,0.72,0.06,DQN_c8_r8,DQN,8,8,c8_r8,1.0
7,49.77,0.0,100.0,0.0,93.0,7.0,0.0,0.0,477.81,19.36,25.54,0.79,0.06,DQN_c8_r8,DQN,8,8,c8_r8,1.0
8,59.05,0.0,100.0,0.0,92.0,8.0,0.0,0.0,430.75,8.28,19.97,0.62,0.06,DQN_c8_r8,DQN,8,8,c8_r8,1.0
9,57.18,0.01,99.0,1.0,89.0,10.0,0.0,0.0,425.26,11.29,23.14,0.67,0.06,DQN_c8_r8,DQN,8,8,c8_r8,0.99
10,60.13,0.0,100.0,0.0,95.0,5.0,0.0,0.0,383.45,8.41,23.95,0.62,0.06,DQN_c8_r8,DQN,8,8,c8_r8,1.0
11,56.15,0.0,100.0,0.0,97.0,3.0,0.0,0.0,466.38,21.16,21.81,0.62,0.06,DQN_c8_r8,DQN,8,8,c8_r8,1.0
12,58.54,0.01,99.0,1.0,93.0,6.0,0.0,0.0,427.21,4.66,18.9,0.72,0.06,DQN_c8_r8,DQN,8,8,c8_r8,0.99
13,56.43,0.01,99.0,1.0,91.0,8.0,0.0,0.0,464.28,8.7,17.98,0.75,0.06,DQN_c8_r8,DQN,8,8,c8_r8,0.99
14,59.56,0.01,99.0,1.0,93.0,6.0,0.0,0.0,403.93,6.66,22.36,0.65,0.06,DQN_c8_r8,DQN,8,8,c8_r8,0.99
15,61.09,0.01,99.0,1.0,90.0,9.0,0.0,0.0,331.84,7.95,18.37,0.73,0.06,DQN_c8_r8,DQN,8,8,c8_r8,0.99
16,65.95,0.0,100.0,0.0,94.0,6.0,0.0,0.0,432.71,7.82,25.62,0.49,0.06,DQN_c8_r8,DQN,8,8,c8_r8,1.0
17,62.56,0.0,100.0,0.0,97.0,3.0,0.0,0.0,473.15,4.54,23.25,0.58,0.06,DQN_c8_r8,DQN,8,8,c8_r8,1.0
18,55.07,0.01,99.0,1.0,87.0,12.0,0.0,0.0,463.74,7.08,19.62,0.74,0.06,DQN_c8_r8,DQN,8,8,c8_r8,0.99
19,63.93,0.0,100.0,0.0,91.0,9.0,0.0,0.0,445.28,8.1,22.73,0.56,0.06,DQN_c8_r8,DQN,8,8,c8_r8,1.0
20,62.97,0.0,100.0,0.0,97.0,3.0,0.0,0.0,449.66,6.37,25.4,0.52,0.05,DQN_c8_r8,DQN,8,8,c8_r8,1.0
21,47.93,0.01,99.0,1.0,87.0,12.0,0.0,0.0,512.57,20.53,21.34,0.65,0.06,DQN_c8_r8,DQN,8,8,c8_r8,0.99
22,61.07,0.0,100.0,0.0,97.0,3.0,0.0,0.0,449.1,12.03,20.74,0.54,0.05,DQN_c8_r8,DQN,8,8,c8_r8,1.0
23,51.86,0.01,99.0,1.0,92.0,7.0,0.0,0.0,501.37,17.54,22.77,0.67,0.06,DQN_c8_r8,DQN,8,8,c8_r8,0.99
24,55.58,0.0,100.0,0.0,96.0,4.0,0.0,0.0,439.81,20.9,24.22,0.64,0.06,DQN_c8_r8,DQN,8,8,c8_r8,1.0
25,38.41,0.12,88.0,12.0,26.0,62.0,0.0,0.0,409.41,18.46,13.9,0.63,0.09,DQN_c8_r8,DQN,8,8,c8_r8,0.88
26,50.27,0.06,94.0,6.0,34.0,60.0,0.0,0.0,378.66,4.3,10.36,0.79,0.09,DQN_c8_r8,DQN,8,8,c8_r8,0.94
27,60.36,0.0,100.0,0.0,94.0,6.0,0.0,0.0,421.02,7.46,23.83,0.71,0.06,DQN_c8_r8,DQN,8,8,c8_r8,1.0
28,57.82,0.0,100.0,0.0,93.0,7.0,0.0,0.0,488.74,16.36,24.06,0.57,0.06,DQN_c8_r8,DQN,8,8,c8_r8,1.0
29,53.68,0.0,100.0,0.0,92.0,8.0,0.0,0.0,440.26,16.12,24.9,0.68,0.06,DQN_c8_r8,DQN,8,8,c8_r8,1.0
30,51.95,0.04,96.0,4.0,87.0,9.0,0.0,0.0,450.59,9.22,18.04,0.73,0.06,DQN_c8_r8,DQN,8,8,c8_r8,0.96
1,,,230.0,20.0,,,,,508.5,9.4,13.11,0.63,0.28,GeoPQL_c8_r4,GeoPQL,8,4,c8_r4,0.92
2,,,233.0,17.0,,,,,413.48,12.49,17.04,0.75,0.34,GeoPQL_c8_r4,GeoPQL,8,4,c8_r4,0.932
3,,,232.0,18.0,,,,,648.53,9.0,12.9,0.42,0.29,GeoPQL_c8_r4,GeoPQL,8,4,c8_r4,0.928
4,,,233.0,17.0,,,,,679.42,13.32,13.67,0.35,0.3,GeoPQL_c8_r4,GeoPQL,8,4,c8_r4,0.932
5,,,246.0,4.0,,,,,546.05,11.1,13.46,0.67,0.22,GeoPQL_c8_r4,GeoPQL,8,4,c8_r4,0.984
6,,,226.0,24.0,,,,,656.78,11.72,12.49,0.61,0.24,GeoPQL_c8_r4,GeoPQL,8,4,c8_r4,0.904
7,,,216.0,34.0,,,,,594.73,15.12,12.47,0.15,0.28,GeoPQL_c8_r4,GeoPQL,8,4,c8_r4,0.864
8,,,249.0,1.0,,,,,424.18,33.96,10.56,0.68,0.26,GeoPQL_c8_r4,GeoPQL,8,4,c8_r4,0.996
9,,,212.0,38.0,,,,,527.36,14.12,13.59,0.42,0.28,GeoPQL_c8_r4,GeoPQL,8,4,c8_r4,0.848
10,,,242.0,8.0,,,,,648.85,8.75,11.87,0.69,0.26,GeoPQL_c8_r4,GeoPQL,8,4,c8_r4,0.968
1,,,211.0,39.0,,,,,666.54,28.88,13.91,0.29,0.26,GeoPQL_c8_r6,GeoPQL,8,6,c8_r6,0.844
2,,,201.0,49.0,,,,,555.6,9.6,14.11,0.7,0.64,GeoPQL_c8_r6,GeoPQL,8,6,c8_r6,0.804
3,,,228.0,22.0,,,,,654.43,25.27,13.4,0.24,0.38,GeoPQL_c8_r6,GeoPQL,8,6,c8_r6,0.912
4,,,234.0,16.0,,,,,576.59,18.23,16.4,0.48,0.28,GeoPQL_c8_r6,GeoPQL,8,6,c8_r6,0.936
5,,,249.0,1.0,,,,,602.77,18.72,18.2,0.77,0.27,GeoPQL_c8_r6,GeoPQL,8,6,c8_r6,0.996
6,,,214.0,36.0,,,,,520.73,38.68,10.93,0.65,0.29,GeoPQL_c8_r6,GeoPQL,8,6,c8_r6,0.856
7,,,239.0,11.0,,,,,403.32,38.84,14.79,0.67,0.31,GeoPQL_c8_r6,GeoPQL,8,6,c8_r6,0.956
8,,,211.0,39.0,,,,,688.81,32.62,13.54,0.28,0.33,GeoPQL_c8_r6,GeoPQL,8,6,c8_r6,0.844
9,,,237.0,13.0,,,,,421.52,21.56,18.77,0.41,0.29,GeoPQL_c8_r6,GeoPQL,8,6,c8_r6,0.948
1,,,228.0,22.0,,,,,760.09,23.39,32.08,0.47,0.74,GeoPQL_c8_r8,GeoPQL,8,8,c8_r8,0.912
2,,,227.0,23.0,,,,,586.3,39.22,31.86,0.68,0.62,GeoPQL_c8_r8,GeoPQL,8,8,c8_r8,0.908
3,,,241.0,9.0,,,,,682.48,24.07,40.32,0.48,0.41,GeoPQL_c8_r8,GeoPQL,8,8,c8_r8,0.964
4,,,235.0,15.0,,,,,665.61,17.22,30.34,0.4,0.5,GeoPQL_c8_r8,GeoPQL,8,8,c8_r8,0.94
5,,,217.0,33.0,,,,,676.32,16.51,36.15,0.39,0.39,GeoPQL_c8_r8,GeoPQL,8,8,c8_r8,0.868
6,,,230.0,20.0,,,,,573.89,24.68,41.57,0.74,0.37,GeoPQL_c8_r8,GeoPQL,8,8,c8_r8,0.92
7,,,222.0,28.0,,,,,584.37,24.6,28.82,0.39,0.51,GeoPQL_c8_r8,GeoPQL,8,8,c8_r8,0.888
8,,,230.0,20.0,,,,,638.2,11.58,39.8,0.63,0.38,GeoPQL_c8_r8,GeoPQL,8,8,c8_r8,0.92
9,,,238.0,12.0,,,,,687.71,31.13,20.31,0.44,0.54,GeoPQL_c8_r8,GeoPQL,8,8,c8_r8,0.952
10,,,221.0,29.0,,,,,714.32,14.55,31.07,0.49,0.76,GeoPQL_c8_r8,GeoPQL,8,8,c8_r8,0.884
1,,,211.0,39.0,,,,,658.26,9.33,13.15,0.17,0.08,MPMOQ_c8_r4,MPMOQ,8,4,c8_r4,0.844
2,,,216.0,34.0,,,,,652.71,8.91,13.0,0.16,0.09,MPMOQ_c8_r4,MPMOQ,8,4,c8_r4,0.864
3,,,227.0,23.0,,,,,652.81,9.39,12.2,0.14,0.09,MPMOQ_c8_r4,MPMOQ,8,4,c8_r4,0.908
4,,,221.0,29.0,,,,,635.33,9.91,14.68,0.18,0.1,MPMOQ_c8_r4,MPMOQ,8,4,c8_r4,0.884
5,,,223.0,27.0,,,,,628.7,9.52,12.97,0.26,0.1,MPMOQ_c8_r4,MPMOQ,8,4,c8_r4,0.892
6,,,222.0,28.0,,,,,638.21,9.65,13.83,0.13,0.08,MPMOQ_c8_r4,MPMOQ,8,4,c8_r4,0.888
7,,,229.0,21.0,,,,,634.15,9.87,13.05,0.19,0.08,MPMOQ_c8_r4,MPMOQ,8,4,c8_r4,0.916
8,,,223.0,27.0,,,,,640.18,9.91,12.38,0.13,0.09,MPMOQ_c8_r4,MPMOQ,8,4,c8_r4,0.892
9,,,213.0,37.0,,,,,635.01,9.77,13.38,0.15,0.08,MPMOQ_c8_r4,MPMOQ,8,4,c8_r4,0.852
10,,,218.0,32.0,,,,,637.16,9.61,13.65,0.22,0.09,MPMOQ_c8_r4,MPMOQ,8,4,c8_r4,0.872
11,,,219.0,31.0,,,,,643.01,9.79,12.87,0.18,0.09,MPMOQ_c8_r4,MPMOQ,8,4,c8_r4,0.876
12,,,216.0,34.0,,,,,640.47,9.71,14.64,0.13,0.09,MPMOQ_c8_r4,MPMOQ,8,4,c8_r4,0.864
13,,,215.0,35.0,,,,,638.65,9.72,12.12,0.21,0.08,MPMOQ_c8_r4,MPMOQ,8,4,c8_r4,0.86
14,,,224.0,26.0,,,,,642.04,9.86,12.86,0.21,0.08,MPMOQ_c8_r4,MPMOQ,8,4,c8_r4,0.896
15,,,217.0,33.0,,,,,638.55,9.75,13.9,0.17,0.09,MPMOQ_c8_r4,MPMOQ,8,4,c8_r4,0.868
16,,,219.0,31.0,,,,,641.48,9.77,14.5,0.13,0.08,MPMOQ_c8_r4,MPMOQ,8,4,c8_r4,0.876
17,,,220.0,30.0,,,,,647.07,9.73,13.52,0.16,0.08,MPMOQ_c8_r4,MPMOQ,8,4,c8_r4,0.88
18,,,226.0,24.0,,,,,650.51,9.68,13.11,0.17,0.09,MPMOQ_c8_r4,MPMOQ,8,4,c8_r4,0.904
19,,,219.0,31.0,,,,,648.26,9.64,12.22,0.19,0.08,MPMOQ_c8_r4,MPMOQ,8,4,c8_r4,0.876
20,,,222.0,28.0,,,,,649.19,9.56,12.2,0.19,0.09,MPMOQ_c8_r4,MPMOQ,8,4,c8_r4,0.888
21,,,222.0,28.0,,,,,645.88,9.64,11.95,0.22,0.09,MPMOQ_c8_r4,MPMOQ,8,4,c8_r4,0.888
22,,,227.0,23.0,,,,,646.27,9.68,13.95,0.11,0.13,MPMOQ_c8_r4,MPMOQ,8,4,c8_r4,0.908
23,,,214.0,36.0,,,,,646.06,9.73,12.81,0.16,0.11,MPMOQ_c8_r4,MPMOQ,8,4,c8_r4,0.856
24,,,219.0,31.0,,,,,644.46,9.69,12.83,0.21,0.09,MPMOQ_c8_r4,MPMOQ,8,4,c8_r4,0.876
25,,,220.0,30.0,,,,,648.16,9.68,13.96,0.15,0.08,MPMOQ_c8_r4,MPMOQ,8,4,c8_r4,0.88
26,,,221.0,29.0,,,,,649.35,9.77,13.42,0.18,0.08,MPMOQ_c8_r4,MPMOQ,8,4,c8_r4,0.884
27,,,220.0,30.0,,,,,651.08,9.71,13.73,0.22,0.08,MPMOQ_c8_r4,MPMOQ,8,4,c8_r4,0.88
28,,,218.0,32.0,,,,,651.36,9.69,13.97,0.17,0.08,MPMOQ_c8_r4,MPMOQ,8,4,c8_r4,0.872
29,,,215.0,35.0,,,,,654.82,9.69,13.53,0.14,0.08,MPMOQ_c8_r4,MPMOQ,8,4,c8_r4,0.86
30,,,215.0,35.0,,,,,655.29,9.67,12.35,0.17,0.08,MPMOQ_c8_r4,MPMOQ,8,4,c8_r4,0.86
1,,,222.0,28.0,,,,,638.64,28.18,14.29,0.13,0.11,MPMOQ_c8_r6,MPMOQ,8,6,c8_r6,0.888
2,,,225.0,25.0,,,,,665.11,27.36,15.71,0.11,0.11,MPMOQ_c8_r6,MPMOQ,8,6,c8_r6,0.9
3,,,231.0,19.0,,,,,689.81,26.47,13.8,0.11,0.09,MPMOQ_c8_r6,MPMOQ,8,6,c8_r6,0.924
4,,,224.0,26.0,,,,,692.93,27.13,15.18,0.17,0.09,MPMOQ_c8_r6,MPMOQ,8,6,c8_r6,0.896
5,,,234.0,16.0,,,,,696.03,27.0,13.75,0.21,0.1,MPMOQ_c8_r6,MPMOQ,8,6,c8_r6,0.936
6,,,236.0,14.0,,,,,693.85,26.95,13.74,0.21,0.11,MPMOQ_c8_r6,MPMOQ,8,6,c8_r6,0.944
7,,,227.0,23.0,,,,,688.1,27.45,15.18,0.23,0.11,MPMOQ_c8_r6,MPMOQ,8,6,c8_r6,0.908
8,,,235.0,15.0,,,,,688.57,27.87,12.98,0.17,0.12,MPMOQ_c8_r6,MPMOQ,8,6,c8_r6,0.94
9,,,234.0,16.0,,,,,691.56,27.92,15.0,0.21,0.1,MPMOQ_c8_r6,MPMOQ,8,6,c8_r6,0.936
10,,,222.0,28.0,,,,,686.35,27.79,14.8,0.1,0.17,MPMOQ_c8_r6,MPMOQ,8,6,c8_r6,0.888
11,,,227.0,23.0,,,,,679.71,27.95,13.86,0.22,0.11,MPMOQ_c8_r6,MPMOQ,8,6,c8_r6,0.908
12,,,233.0,17.0,,,,,673.56,27.84,12.35,0.21,0.13,MPMOQ_c8_r6,MPMOQ,8,6,c8_r6,0.932
13,,,226.0,24.0,,,,,678.46,27.88,14.29,0.22,0.09,MPMOQ_c8_r6,MPMOQ,8,6,c8_r6,0.904
14,,,225.0,25.0,,,,,673.99,27.84,14.55,0.16,0.1,MPMOQ_c8_r6,MPMOQ,8,6,c8_r6,0.9
15,,,224.0,26.0,,,,,674.69,27.73,14.41,0.11,0.09,MPMOQ_c8_r6,MPMOQ,8,6,c8_r6,0.896
16,,,233.0,17.0,,,,,672.92,27.86,14.86,0.12,0.09,MPMOQ_c8_r6,MPMOQ,8,6,c8_r6,0.932
17,,,228.0,22.0,,,,,674.21,27.76,14.61,0.07,0.09,MPMOQ_c8_r6,MPMOQ,8,6,c8_r6,0.912
18,,,226.0,24.0,,,,,676.8,27.72,15.46,0.19,0.09,MPMOQ_c8_r6,MPMOQ,8,6,c8_r6,0.904
19,,,230.0,20.0,,,,,677.12,27.77,15.05,0.15,0.09,MPMOQ_c8_r6,MPMOQ,8,6,c8_r6,0.92
20,,,220.0,30.0,,,,,673.81,27.78,14.95,0.17,0.09,MPMOQ_c8_r6,MPMOQ,8,6,c8_r6,0.88
21,,,227.0,23.0,,,,,672.65,27.77,15.79,0.14,0.09,MPMOQ_c8_r6,MPMOQ,8,6,c8_r6,0.908
22,,,228.0,22.0,,,,,673.59,27.62,15.57,0.14,0.09,MPMOQ_c8_r6,MPMOQ,8,6,c8_r6,0.912
23,,,230.0,20.0,,,,,675.84,27.62,15.38,0.16,0.11,MPMOQ_c8_r6,MPMOQ,8,6,c8_r6,0.92
24,,,226.0,24.0,,,,,672.53,27.73,13.06,0.2,0.09,MPMOQ_c8_r6,MPMOQ,8,6,c8_r6,0.904
25,,,227.0,23.0,,,,,671.52,27.82,13.88,0.16,0.09,MPMOQ_c8_r6,MPMOQ,8,6,c8_r6,0.908
26,,,237.0,13.0,,,,,668.55,27.87,15.56,0.21,0.12,MPMOQ_c8_r6,MPMOQ,8,6,c8_r6,0.948
27,,,223.0,27.0,,,,,671.56,27.83,17.22,0.11,0.37,MPMOQ_c8_r6,MPMOQ,8,6,c8_r6,0.892
28,,,226.0,24.0,,,,,673.41,27.85,15.03,0.12,0.16,MPMOQ_c8_r6,MPMOQ,8,6,c8_r6,0.904
29,,,222.0,28.0,,,,,674.98,27.89,14.21,0.19,0.1,MPMOQ_c8_r6,MPMOQ,8,6,c8_r6,0.888
30,,,227.0,23.0,,,,,676.48,27.86,14.25,0.11,0.11,MPMOQ_c8_r6,MPMOQ,8,6,c8_r6,0.908
1,,,244.0,6.0,,,,,668.56,30.94,18.49,0.2,0.11,MPMOQ_c8_r8,MPMOQ,8,8,c8_r8,0.976
2,,,239.0,11.0,,,,,701.4,29.83,18.37,0.19,0.12,MPMOQ_c8_r8,MPMOQ,8,8,c8_r8,0.956
3,,,242.0,8.0,,,,,683.67,30.5,19.33,0.26,0.1,MPMOQ_c8_r8,MPMOQ,8,8,c8_r8,0.968
4,,,239.0,11.0,,,,,689.52,31.12,19.75,0.2,0.1,MPMOQ_c8_r8,MPMOQ,8,8,c8_r8,0.956
5,,,239.0,11.0,,,,,688.97,31.5,18.08,0.2,0.1,MPMOQ_c8_r8,MPMOQ,8,8,c8_r8,0.956
6,,,243.0,7.0,,,,,680.06,31.86,17.8,0.21,0.11,MPMOQ_c8_r8,MPMOQ,8,8,c8_r8,0.972
7,,,240.0,10.0,,,,,678.78,32.53,14.82,0.34,0.12,MPMOQ_c8_r8,MPMOQ,8,8,c8_r8,0.96
8,,,240.0,10.0,,,,,682.86,32.47,17.74,0.27,0.1,MPMOQ_c8_r8,MPMOQ,8,8,c8_r8,0.96
9,,,239.0,11.0,,,,,686.5,32.38,20.98,0.17,0.09,MPMOQ_c8_r8,MPMOQ,8,8,c8_r8,0.956
10,,,240.0,10.0,,,,,684.65,32.44,17.02,0.23,0.1,MPMOQ_c8_r8,MPMOQ,8,8,c8_r8,0.96
11,,,239.0,11.0,,,,,682.32,32.56,17.15,0.31,0.1,MPMOQ_c8_r8,MPMOQ,8,8,c8_r8,0.956
12,,,237.0,13.0,,,,,679.84,32.62,16.51,0.22,0.1,MPMOQ_c8_r8,MPMOQ,8,8,c8_r8,0.948
13,,,240.0,10.0,,,,,678.41,32.36,19.12,0.21,0.09,MPMOQ_c8_r8,MPMOQ,8,8,c8_r8,0.96
14,,,237.0,13.0,,,,,682.21,32.45,16.15,0.31,0.09,MPMOQ_c8_r8,MPMOQ,8,8,c8_r8,0.948
15,,,240.0,10.0,,,,,685.34,32.4,18.65,0.23,0.09,MPMOQ_c8_r8,MPMOQ,8,8,c8_r8,0.96
16,,,238.0,12.0,,,,,683.4,32.32,18.99,0.14,0.09,MPMOQ_c8_r8,MPMOQ,8,8,c8_r8,0.952
17,,,241.0,9.0,,,,,684.68,32.29,18.29,0.17,0.09,MPMOQ_c8_r8,MPMOQ,8,8,c8_r8,0.964
18,,,236.0,14.0,,,,,686.31,32.27,17.93,0.19,0.09,MPMOQ_c8_r8,MPMOQ,8,8,c8_r8,0.944
19,,,239.0,11.0,,,,,690.46,32.25,20.18,0.21,0.09,MPMOQ_c8_r8,MPMOQ,8,8,c8_r8,0.956
20,,,241.0,9.0,,,,,691.26,32.18,18.38,0.24,0.09,MPMOQ_c8_r8,MPMOQ,8,8,c8_r8,0.964
21,,,238.0,12.0,,,,,693.36,32.07,18.62,0.19,0.09,MPMOQ_c8_r8,MPMOQ,8,8,c8_r8,0.952
22,,,236.0,14.0,,,,,694.51,31.9,19.19,0.16,0.08,MPMOQ_c8_r8,MPMOQ,8,8,c8_r8,0.944
23,,,235.0,15.0,,,,,695.83,31.88,16.32,0.22,0.09,MPMOQ_c8_r8,MPMOQ,8,8,c8_r8,0.94
24,,,242.0,8.0,,,,,697.04,31.94,17.84,0.28,0.1,MPMOQ_c8_r8,MPMOQ,8,8,c8_r8,0.968
25,,,247.0,3.0,,,,,695.41,31.79,17.84,0.16,0.17,MPMOQ_c8_r8,MPMOQ,8,8,c8_r8,0.988
26,,,238.0,12.0,,,,,695.94,31.73,17.43,0.2,0.1,MPMOQ_c8_r8,MPMOQ,8,8,c8_r8,0.952
27,,,237.0,13.0,,,,,695.36,31.75,17.37,0.22,0.09,MPMOQ_c8_r8,MPMOQ,8,8,c8_r8,0.948
28,,,240.0,10.0,,,,,697.25,31.74,17.99,0.22,0.1,MPMOQ_c8_r8,MPMOQ,8,8,c8_r8,0.96
29,,,238.0,12.0,,,,,697.44,31.69,18.8,0.23,0.11,MPMOQ_c8_r8,MPMOQ,8,8,c8_r8,0.952
30,,,235.0,15.0,,,,,696.53,31.61,16.15,0.2,0.1,MPMOQ_c8_r8,MPMOQ,8,8,c8_r8,0.94
1,51.28,0.0,100.0,0.0,100.0,0.0,0.0,0.0,371.82,16.0,11.76,0.88,0.05,PPO_c8_r4,PPO,8,4,c8_r4,1.0
2,53.84,0.0,100.0,0.0,100.0,0.0,0.0,0.0,318.33,28.0,13.12,0.68,0.05,PPO_c8_r4,PPO,8,4,c8_r4,1.0
3,59.28,0.0,100.0,0.0,100.0,0.0,0.0,0.0,398.22,4.0,15.12,0.79,0.05,PPO_c8_r4,PPO,8,4,c8_r4,1.0
4,59.85,0.0,100.0,0.0,100.0,0.0,0.0,0.0,291.4,4.0,14.74,0.86,0.05,PPO_c8_r4,PPO,8,4,c8_r4,1.0
5,54.72,0.0,100.0,0.0,100.0,0.0,0.0,0.0,438.87,4.0,14.39,0.88,0.05,PPO_c8_r4,PPO,8,4,c8_r4,1.0
6,59.06,0.0,100.0,0.0,100.0,0.0,0.0,0.0,336.45,3.82,13.48,0.85,0.05,PPO_c8_r4,PPO,8,4,c8_r4,1.0
7,50.48,0.0,100.0,0.0,100.0,0.0,0.0,0.0,397.77,16.0,16.32,0.87,0.05,PPO_c8_r4,PPO,8,4,c8_r4,1.0
8,62.97,0.0,100.0,0.0,100.0,0.0,0.0,0.0,287.84,2.22,14.28,0.83,0.05,PPO_c8_r4,PPO,8,4,c8_r4,1.0
9,58.28,0.0,100.0,0.0,100.0,0.0,0.0,0.0,330.91,4.0,12.63,0.88,0.05,PPO_c8_r4,PPO,8,4,c8_r4,1.0
10,59.3,0.0,100.0,0.0,100.0,0.0,0.0,0.0,359.89,6.8,14.63,0.8,0.05,PPO_c8_r4,PPO,8,4,c8_r4,1.0
11,59.76,0.0,100.0,0.0,100.0,0.0,0.0,0.0,344.95,2.26,14.22,0.84,0.05,PPO_c8_r4,PPO,8,4,c8_r4,1.0
12,59.8,0.0,100.0,0.0,100.0,0.0,0.0,0.0,377.58,2.4,11.86,0.81,0.05,PPO_c8_r4,PPO,8,4,c8_r4,1.0
13,54.9,0.0,100.0,0.0,100.0,0.0,0.0,0.0,371.47,14.6,12.2,0.83,0.05,PPO_c8_r4,PPO,8,4,c8_r4,1.0
14,59.36,0.0,100.0,0.0,100.0,0.0,0.0,0.0,367.38,3.42,13.13,0.81,0.05,PPO_c8_r4,PPO,8,4,c8_r4,1.0
15,64.22,0.0,100.0,0.0,100.0,0.0,0.0,0.0,340.71,2.3,15.03,0.71,0.05,PPO_c8_r4,PPO,8,4,c8_r4,1.0
16,63.42,0.0,100.0,0.0,100.0,0.0,0.0,0.0,318.36,2.42,13.25,0.75,0.05,PPO_c8_r4,PPO,8,4,c8_r4,1.0
17,63.05,0.0,100.0,0.0,100.0,0.0,0.0,0.0,344.55,3.96,13.11,0.74,0.05,PPO_c8_r4,PPO,8,4,c8_r4,1.0
18,52.89,0.0,100.0,0.0,100.0,0.0,0.0,0.0,494.07,4.0,14.08,0.88,0.05,PPO_c8_r4,PPO,8,4,c8_r4,1.0
19,56.37,0.0,100.0,0.0,100.0,0.0,0.0,0.0,388.99,4.0,15.84,0.88,0.05,PPO_c8_r4,PPO,8,4,c8_r4,1.0
20,61.55,0.0,100.0,0.0,100.0,0.0,0.0,0.0,341.81,2.46,14.72,0.8,0.05,PPO_c8_r4,PPO,8,4,c8_r4,1.0
21,54.86,0.0,100.0,0.0,100.0,0.0,0.0,0.0,427.5,7.4,16.21,0.82,0.05,PPO_c8_r4,PPO,8,4,c8_r4,1.0
22,56.03,0.0,100.0,0.0,100.0,0.0,0.0,0.0,424.52,6.8,11.44,0.82,0.05,PPO_c8_r4,PPO,8,4,c8_r4,1.0
23,54.34,0.0,100.0,0.0,100.0,0.0,0.0,0.0,383.36,14.18,15.64,0.83,0.05,PPO_c8_r4,PPO,8,4,c8_r4,1.0
24,53.52,0.0,100.0,0.0,100.0,0.0,0.0,0.0,324.16,16.0,15.23,0.86,0.05,PPO_c8_r4,PPO,8,4,c8_r4,1.0
25,59.54,0.0,100.0,0.0,100.0,0.0,0.0,0.0,365.07,2.44,14.92,0.8,0.05,PPO_c8_r4,PPO,8,4,c8_r4,1.0
26,59.25,0.0,100.0,0.0,100.0,0.0,0.0,0.0,383.96,4.0,12.81,0.77,0.05,PPO_c8_r4,PPO,8,4,c8_r4,1.0
27,60.6,0.0,100.0,0.0,100.0,0.0,0.0,0.0,339.22,3.36,13.93,0.81,0.05,PPO_c8_r4,PPO,8,4,c8_r4,1.0
28,62.91,0.0,100.0,0.0,100.0,0.0,0.0,0.0,339.97,2.4,15.86,0.77,0.05,PPO_c8_r4,PPO,8,4,c8_r4,1.0
29,55.13,0.0,100.0,0.0,100.0,0.0,0.0,0.0,363.32,16.84,15.06,0.72,0.05,PPO_c8_r4,PPO,8,4,c8_r4,1.0
30,56.52,0.0,100.0,0.0,100.0,0.0,0.0,0.0,384.47,4.0,11.7,0.88,0.05,PPO_c8_r4,PPO,8,4,c8_r4,1.0
1,51.28,0.0,100.0,0.0,100.0,0.0,0.0,0.0,371.82,16.0,17.26,0.88,0.05,PPO_c8_r6,PPO,8,6,c8_r6,1.0
2,53.84,0.0,100.0,0.0,100.0,0.0,0.0,0.0,318.33,28.0,18.8,0.68,0.05,PPO_c8_r6,PPO,8,6,c8_r6,1.0
3,59.19,0.0,100.0,0.0,100.0,0.0,0.0,0.0,398.22,4.0,21.39,0.79,0.15,PPO_c8_r6,PPO,8,6,c8_r6,1.0
4,59.8,0.0,100.0,0.0,100.0,0.0,0.0,0.0,291.4,4.0,20.39,0.86,0.05,PPO_c8_r6,PPO,8,6,c8_r6,1.0
5,54.72,0.0,100.0,0.0,100.0,0.0,0.0,0.0,438.87,4.0,20.92,0.88,0.05,PPO_c8_r6,PPO,8,6,c8_r6,1.0
6,59.04,0.0,100.0,0.0,100.0,0.0,0.0,0.0,336.45,3.82,18.93,0.85,0.05,PPO_c8_r6,PPO,8,6,c8_r6,1.0
7,50.46,0.0,100.0,0.0,100.0,0.0,0.0,0.0,397.77,16.0,22.29,0.87,0.05,PPO_c8_r6,PPO,8,6,c8_r6,1.0
8,64.61,0.0,100.0,0.0,100.0,0.0,0.0,0.0,288.57,2.48,18.46,0.76,0.05,PPO_c8_r6,PPO,8,6,c8_r6,1.0
9,58.28,0.0,100.0,0.0,100.0,0.0,0.0,0.0,330.91,4.0,19.03,0.88,0.05,PPO_c8_r6,PPO,8,6,c8_r6,1.0
10,66.24,0.0,100.0,0.0,100.0,0.0,0.0,0.0,354.25,2.98,20.04,0.63,0.05,PPO_c8_r6,PPO,8,6,c8_r6,1.0
11,62.13,0.0,100.0,0.0,100.0,0.0,0.0,0.0,345.44,2.68,18.75,0.76,0.05,PPO_c8_r6,PPO,8,6,c8_r6,1.0
12,60.21,0.0,100.0,0.0,100.0,0.0,0.0,0.0,389.77,2.7,17.9,0.76,0.05,PPO_c8_r6,PPO,8,6,c8_r6,1.0
13,54.76,0.0,100.0,0.0,100.0,0.0,0.0,0.0,371.54,14.62,18.14,0.83,0.05,PPO_c8_r6,PPO,8,6,c8_r6,1.0
14,59.3,0.0,100.0,0.0,100.0,0.0,0.0,0.0,364.53,3.5,18.16,0.82,0.05,PPO_c8_r6,PPO,8,6,c8_r6,1.0
15,65.11,0.0,100.0,0.0,100.0,0.0,0.0,0.0,334.89,2.5,20.31,0.68,0.05,PPO_c8_r6,PPO,8,6,c8_r6,1.0
16,64.77,0.0,100.0,0.0,100.0,0.0,0.0,0.0,315.91,2.8,20.37,0.7,0.05,PPO_c8_r6,PPO,8,6,c8_r6,1.0
17,62.74,0.0,100.0,0.0,100.0,0.0,0.0,0.0,344.55,3.96,18.56,0.74,0.05,PPO_c8_r6,PPO,8,6,c8_r6,1.0
18,52.89,0.0,100.0,0.0,100.0,0.0,0.0,0.0,494.07,4.0,20.11,0.88,0.05,PPO_c8_r6,PPO,8,6,c8_r6,1.0
19,56.37,0.0,100.0,0.0,100.0,0.0,0.0,0.0,388.99,4.0,21.41,0.88,0.05,PPO_c8_r6,PPO,8,6,c8_r6,1.0
20,61.73,0.0,100.0,0.0,100.0,0.0,0.0,0.0,352.71,2.82,20.58,0.76,0.05,PPO_c8_r6,PPO,8,6,c8_r6,1.0
21,54.22,0.0,100.0,0.0,100.0,0.0,0.0,0.0,433.11,10.7,22.57,0.79,0.05,PPO_c8_r6,PPO,8,6,c8_r6,1.0
22,56.03,0.0,100.0,0.0,100.0,0.0,0.0,0.0,418.64,9.5,16.62,0.79,0.05,PPO_c8_r6,PPO,8,6,c8_r6,1.0
23,53.37,0.0,100.0,0.0,100.0,0.0,0.0,0.0,405.39,14.78,20.44,0.77,0.05,PPO_c8_r6,PPO,8,6,c8_r6,1.0
24,53.64,0.0,100.0,0.0,100.0,0.0,0.0,0.0,322.0,16.0,21.55,0.86,0.05,PPO_c8_r6,PPO,8,6,c8_r6,1.0
25,60.78,0.0,100.0,0.0,100.0,0.0,0.0,0.0,377.8,2.78,20.95,0.75,0.06,PPO_c8_r6,PPO,8,6,c8_r6,1.0
26,59.31,0.0,100.0,0.0,100.0,0.0,0.0,0.0,383.96,4.0,17.39,0.77,0.05,PPO_c8_r6,PPO,8,6,c8_r6,1.0
27,60.7,0.0,100.0,0.0,100.0,0.0,0.0,0.0,337.81,3.4,19.77,0.81,0.05,PPO_c8_r6,PPO,8,6,c8_r6,1.0
28,62.23,0.0,100.0,0.0,100.0,0.0,0.0,0.0,350.81,2.8,21.93,0.74,0.05,PPO_c8_r6,PPO,8,6,c8_r6,1.0
29,55.09,0.0,100.0,0.0,100.0,0.0,0.0,0.0,363.32,16.84,21.79,0.72,0.05,PPO_c8_r6,PPO,8,6,c8_r6,1.0
30,56.52,0.0,100.0,0.0,100.0,0.0,0.0,0.0,384.47,4.0,16.85,0.88,0.05,PPO_c8_r6,PPO,8,6,c8_r6,1.0
1,50.98,0.0,100.0,0.0,99.0,1.0,0.0,0.0,376.07,16.48,22.49,0.87,0.05,PPO_c8_r8,PPO,8,8,c8_r8,1.0
2,55.05,0.0,100.0,0.0,98.0,2.0,0.0,0.0,316.68,27.94,23.32,0.51,0.05,PPO_c8_r8,PPO,8,8,c8_r8,1.0
3,59.92,0.0,100.0,0.0,99.0,1.0,0.0,0.0,394.29,4.02,25.52,0.74,0.05,PPO_c8_r8,PPO,8,8,c8_r8,1.0
4,59.32,0.0,100.0,0.0,99.0,1.0,0.0,0.0,300.73,5.11,25.04,0.86,0.05,PPO_c8_r8,PPO,8,8,c8_r8,1.0
5,53.71,0.0,100.0,0.0,99.0,1.0,0.0,0.0,464.45,5.8,24.87,0.86,0.05,PPO_c8_r8,PPO,8,8,c8_r8,1.0
6,58.86,0.0,100.0,0.0,100.0,0.0,0.0,0.0,337.67,4.42,24.26,0.84,0.05,PPO_c8_r8,PPO,8,8,c8_r8,1.0
7,50.45,0.0,100.0,0.0,100.0,0.0,0.0,0.0,397.77,16.0,27.82,0.87,0.05,PPO_c8_r8,PPO,8,8,c8_r8,1.0
8,65.68,0.0,100.0,0.0,100.0,0.0,0.0,0.0,291.32,2.72,22.58,0.72,0.06,PPO_c8_r8,PPO,8,8,c8_r8,1.0
9,58.28,0.0,100.0,0.0,100.0,0.0,0.0,0.0,330.91,4.0,25.48,0.88,0.05,PPO_c8_r8,PPO,8,8,c8_r8,1.0
10,64.0,0.0,100.0,0.0,100.0,0.0,0.0,0.0,369.93,2.92,25.03,0.67,0.05,PPO_c8_r8,PPO,8,8,c8_r8,1.0
11,61.74,0.0,100.0,0.0,99.0,1.0,0.0,0.0,362.95,3.3,22.82,0.76,0.06,PPO_c8_r8,PPO,8,8,c8_r8,1.0
12,60.26,0.0,100.0,0.0,99.0,1.0,0.0,0.0,381.47,4.85,20.8,0.73,0.06,PPO_c8_r8,PPO,8,8,c8_r8,1.0
13,55.66,0.0,100.0,0.0,98.0,2.0,0.0,0.0,424.31,4.77,20.37,0.86,0.06,PPO_c8_r8,PPO,8,8,c8_r8,1.0
14,59.0,0.0,100.0,0.0,99.0,1.0,0.0,0.0,358.54,3.91,23.17,0.82,0.05,PPO_c8_r8,PPO,8,8,c8_r8,1.0
15,62.95,0.0,100.0,0.0,100.0,0.0,0.0,0.0,345.38,3.9,24.88,0.73,0.05,PPO_c8_r8,PPO,8,8,c8_r8,1.0
16,66.92,0.0,100.0,0.0,100.0,0.0,0.0,0.0,313.24,2.96,27.05,0.63,0.05,PPO_c8_r8,PPO,8,8,c8_r8,1.0
17,62.77,0.0,100.0,0.0,99.0,1.0,0.0,0.0,344.81,4.3,23.41,0.72,0.05,PPO_c8_r8,PPO,8,8,c8_r8,1.0
18,52.95,0.0,100.0,0.0,99.0,1.0,0.0,0.0,490.46,4.21,26.11,0.87,0.05,PPO_c8_r8,PPO,8,8,c8_r8,1.0
19,55.91,0.0,100.0,0.0,98.0,2.0,0.0,0.0,406.72,4.45,24.95,0.85,0.05,PPO_c8_r8,PPO,8,8,c8_r8,1.0
20,61.48,0.0,100.0,0.0,100.0,0.0,0.0,0.0,356.94,2.96,26.03,0.78,0.05,PPO_c8_r8,PPO,8,8,c8_r8,1.0
21,52.01,0.0,100.0,0.0,100.0,0.0,0.0,0.0,475.36,14.96,27.15,0.74,0.05,PPO_c8_r8,PPO,8,8,c8_r8,1.0
22,59.43,0.0,100.0,0.0,99.0,1.0,0.0,0.0,412.35,5.71,21.24,0.8,0.05,PPO_c8_r8,PPO,8,8,c8_r8,1.0
23,53.36,0.0,100.0,0.0,100.0,0.0,0.0,0.0,405.39,14.78,26.26,0.77,0.05,PPO_c8_r8,PPO,8,8,c8_r8,1.0
24,53.71,0.0,100.0,0.0,98.0,2.0,0.0,0.0,328.53,16.41,25.24,0.83,0.05,PPO_c8_r8,PPO,8,8,c8_r8,1.0
25,62.1,0.0,100.0,0.0,98.0,2.0,0.0,0.0,367.36,3.78,24.98,0.64,0.06,PPO_c8_r8,PPO,8,8,c8_r8,1.0
26,59.31,0.0,100.0,0.0,100.0,0.0,0.0,0.0,383.96,4.0,21.79,0.77,0.05,PPO_c8_r8,PPO,8,8,c8_r8,1.0
27,62.38,0.0,100.0,0.0,100.0,0.0,0.0,0.0,358.02,2.86,25.57,0.7,0.05,PPO_c8_r8,PPO,8,8,c8_r8,1.0
28,60.17,0.0,100.0,0.0,98.0,2.0,0.0,0.0,424.48,13.09,25.5,0.63,0.06,PPO_c8_r8,PPO,8,8,c8_r8,1.0
29,53.54,0.0,100.0,0.0,100.0,0.0,0.0,0.0,337.33,21.36,27.32,0.75,0.14,PPO_c8_r8,PPO,8,8,c8_r8,1.0
30,56.52,0.0,100.0,0.0,100.0,0.0,0.0,0.0,384.47,4.0,21.9,0.88,0.05,PPO_c8_r8,PPO,8,8,c8_r8,1.0
1,,,250.0,0.0,,,,,310.46,32.14,12.51,0.87,0.31,PQL_c8_r4,PQL,8,4,c8_r4,1.0
2,,,250.0,0.0,,,,,585.26,32.14,13.83,0.87,0.35,PQL_c8_r4,PQL,8,4,c8_r4,1.0
3,,,250.0,0.0,,,,,484.73,31.9,14.74,0.87,0.45,PQL_c8_r4,PQL,8,4,c8_r4,1.0
4,,,250.0,0.0,,,,,418.49,32.02,16.54,0.87,0.35,PQL_c8_r4,PQL,8,4,c8_r4,1.0
5,,,250.0,0.0,,,,,560.53,31.9,12.54,0.87,0.4,PQL_c8_r4,PQL,8,4,c8_r4,1.0
6,,,250.0,0.0,,,,,351.99,31.88,11.77,0.87,0.42,PQL_c8_r4,PQL,8,4,c8_r4,1.0
7,,,249.0,1.0,,,,,304.46,32.0,12.53,0.88,0.36,PQL_c8_r4,PQL,8,4,c8_r4,0.996
8,,,249.0,1.0,,,,,491.41,32.26,12.67,0.87,0.3,PQL_c8_r4,PQL,8,4,c8_r4,0.996
9,,,250.0,0.0,,,,,639.17,32.26,15.22,0.87,0.31,PQL_c8_r4,PQL,8,4,c8_r4,1.0
10,,,250.0,0.0,,,,,563.13,37.01,10.92,0.84,0.37,PQL_c8_r4,PQL,8,4,c8_r4,1.0
1,,,250.0,0.0,,,,,688.36,6.88,20.94,0.82,0.24,PQL_c8_r6,PQL,8,6,c8_r6,1.0
2,,,250.0,0.0,,,,,511.54,4.0,15.86,0.88,0.25,PQL_c8_r6,PQL,8,6,c8_r6,1.0
3,,,250.0,0.0,,,,,377.06,4.0,18.85,0.88,0.27,PQL_c8_r6,PQL,8,6,c8_r6,1.0
4,,,250.0,0.0,,,,,456.44,4.05,18.98,0.87,0.28,PQL_c8_r6,PQL,8,6,c8_r6,1.0
5,,,250.0,0.0,,,,,462.67,4.0,20.49,0.88,0.27,PQL_c8_r6,PQL,8,6,c8_r6,1.0
6,,,250.0,0.0,,,,,500.64,4.0,18.43,0.87,0.27,PQL_c8_r6,PQL,8,6,c8_r6,1.0
7,,,250.0,0.0,,,,,526.28,4.04,21.24,0.87,0.25,PQL_c8_r6,PQL,8,6,c8_r6,1.0
8,,,250.0,0.0,,,,,513.39,5.82,18.11,0.84,0.26,PQL_c8_r6,PQL,8,6,c8_r6,1.0
9,,,250.0,0.0,,,,,690.69,9.81,19.17,0.75,0.28,PQL_c8_r6,PQL,8,6,c8_r6,1.0
10,,,250.0,0.0,,,,,439.17,4.05,19.17,0.87,0.25,PQL_c8_r6,PQL,8,6,c8_r6,1.0
1,,,245.0,5.0,,,,,546.64,18.94,23.72,0.74,0.21,PQL_c8_r8,PQL,8,8,c8_r8,0.98
2,,,245.0,5.0,,,,,403.08,4.27,22.86,0.72,0.78,PQL_c8_r8,PQL,8,8,c8_r8,0.98
3,,,248.0,2.0,,,,,521.13,31.16,20.74,0.63,0.58,PQL_c8_r8,PQL,8,8,c8_r8,0.992
4,,,246.0,4.0,,,,,623.11,21.53,18.05,0.31,0.54,PQL_c8_r8,PQL,8,8,c8_r8,0.984
5,,,234.0,16.0,,,,,591.34,11.84,21.57,0.39,0.21,PQL_c8_r8,PQL,8,8,c8_r8,0.936
6,,,246.0,4.0,,,,,605.89,14.77,22.11,0.6,0.23,PQL_c8_r8,PQL,8,8,c8_r8,0.984
7,,,237.0,13.0,,,,,603.95,15.95,19.28,0.39,0.25,PQL_c8_r8,PQL,8,8,c8_r8,0.948
8,,,233.0,17.0,,,,,652.67,17.7,16.88,0.51,0.25,PQL_c8_r8,PQL,8,8,c8_r8,0.932
9,,,239.0,11.0,,,,,612.45,30.34,17.19,0.54,0.25,PQL_c8_r8,PQL,8,8,c8_r8,0.956
10,,,224.0,26.0,,,,,723.49,26.1,18.03,0.32,0.27,PQL_c8_r8,PQL,8,8,c8_r8,0.896
