episode,ep_accepted_requests,ep_rejected_requests,avg_latency,avg_cost,avg_cpu_cluster_selected,gini,avg_power,execution_time,test,algorithm,cluster,replicas,config,acceptance_rate
1,218.0,32.0,621.6,10.18,22.07,0.62,65.12,0.28,Geometric_c8_r4,Geometric,8,4,c8_r4,0.872
2,240.0,10.0,607.25,19.61,21.03,0.54,65.02,0.52,Geometric_c8_r4,Geometric,8,4,c8_r4,0.96
3,228.0,22.0,580.49,20.71,20.75,0.34,65.14,0.3,Geometric_c8_r4,Geometric,8,4,c8_r4,0.912
4,215.0,35.0,597.74,20.95,17.33,0.25,65.13,0.32,Geometric_c8_r4,Geometric,8,4,c8_r4,0.86
5,226.0,24.0,585.93,18.66,24.92,0.62,65.04,0.35,Geometric_c8_r4,Geometric,8,4,c8_r4,0.904
6,245.0,5.0,574.44,19.43,25.6,0.6,66.44,0.24,Geometric_c8_r4,Geometric,8,4,c8_r4,0.98
7,230.0,20.0,566.99,20.14,19.57,0.6,65.04,0.29,Geometric_c8_r4,Geometric,8,4,c8_r4,0.92
8,250.0,0.0,555.9,22.34,17.56,0.65,65.38,0.43,Geometric_c8_r4,Geometric,8,4,c8_r4,1.0
9,227.0,23.0,541.43,20.46,23.13,0.77,66.02,0.27,Geometric_c8_r4,Geometric,8,4,c8_r4,0.908
10,207.0,43.0,542.74,20.51,20.72,0.26,65.0,0.34,Geometric_c8_r4,Geometric,8,4,c8_r4,0.828
11,250.0,0.0,578.34,30.34,19.11,0.35,73.89,0.38,Geometric_c8_r4,Geometric,8,4,c8_r4,1.0
12,250.0,0.0,572.58,25.28,24.93,0.6,75.46,0.33,Geometric_c8_r4,Geometric,8,4,c8_r4,1.0
13,250.0,0.0,559.69,23.09,23.76,0.69,76.57,0.28,Geometric_c8_r4,Geometric,8,4,c8_r4,1.0
14,250.0,0.0,610.85,22.58,17.94,0.36,88.96,0.33,Geometric_c8_r4,Geometric,8,4,c8_r4,1.0
15,250.0,0.0,625.44,23.21,16.54,0.44,73.58,0.37,Geometric_c8_r4,Geometric,8,4,c8_r4,1.0
16,250.0,0.0,633.38,25.2,17.8,0.48,73.5,0.35,Geometric_c8_r4,Geometric,8,4,c8_r4,1.0
17,250.0,0.0,618.67,23.92,23.75,0.74,77.18,0.25,Geometric_c8_r4,Geometric,8,4,c8_r4,1.0
18,250.0,0.0,628.83,23.06,23.6,0.53,74.11,0.27,Geometric_c8_r4,Geometric,8,4,c8_r4,1.0
19,250.0,0.0,628.39,22.73,23.33,0.44,74.98,0.28,Geometric_c8_r4,Geometric,8,4,c8_r4,1.0
20,250.0,0.0,613.94,23.26,22.69,0.55,76.88,0.3,Geometric_c8_r4,Geometric,8,4,c8_r4,1.0
21,250.0,0.0,604.45,52.77,11.47,0.51,161.0,0.46,Geometric_c8_r4,Geometric,8,4,c8_r4,1.0
22,250.0,0.0,589.32,53.94,10.19,0.44,161.33,0.37,Geometric_c8_r4,Geometric,8,4,c8_r4,1.0
23,250.0,0.0,535.73,39.46,20.1,0.83,161.04,0.26,Geometric_c8_r4,Geometric,8,4,c8_r4,1.0
24,250.0,0.0,595.87,43.73,12.28,0.36,163.4,0.32,Geometric_c8_r4,Geometric,8,4,c8_r4,1.0
25,250.0,0.0,615.77,43.51,13.24,0.53,162.41,0.33,Geometric_c8_r4,Geometric,8,4,c8_r4,1.0
26,250.0,0.0,632.24,46.65,12.34,0.65,187.4,0.28,Geometric_c8_r4,Geometric,8,4,c8_r4,1.0
27,250.0,0.0,636.18,47.21,12.15,0.23,161.0,0.44,Geometric_c8_r4,Geometric,8,4,c8_r4,1.0
28,250.0,0.0,605.01,48.05,16.08,0.63,162.45,0.25,Geometric_c8_r4,Geometric,8,4,c8_r4,1.0
29,250.0,0.0,607.99,46.94,17.56,0.58,161.0,0.31,Geometric_c8_r4,Geometric,8,4,c8_r4,1.0
30,250.0,0.0,616.3,46.96,14.16,0.32,162.74,0.4,Geometric_c8_r4,Geometric,8,4,c8_r4,1.0
1,250.0,0.0,465.57,52.9,23.37,0.71,96.3,0.27,Geometric_c8_r6,Geometric,8,6,c8_r6,1.0
2,238.0,12.0,552.8,38.66,34.57,0.61,96.12,0.27,Geometric_c8_r6,Geometric,8,6,c8_r6,0.952
3,241.0,9.0,557.08,35.85,27.52,0.33,95.02,0.36,Geometric_c8_r6,Geometric,8,6,c8_r6,0.964
4,240.0,10.0,524.79,35.82,29.49,0.57,93.5,0.23,Geometric_c8_r6,Geometric,8,6,c8_r6,0.96
5,250.0,0.0,520.84,31.0,35.79,0.67,95.16,0.26,Geometric_c8_r6,Geometric,8,6,c8_r6,1.0
6,250.0,0.0,531.34,28.84,36.07,0.61,96.12,0.23,Geometric_c8_r6,Geometric,8,6,c8_r6,1.0
7,238.0,12.0,546.37,29.45,23.41,0.31,93.5,0.34,Geometric_c8_r6,Geometric,8,6,c8_r6,0.952
8,249.0,1.0,537.87,31.7,24.77,0.65,96.76,0.27,Geometric_c8_r6,Geometric,8,6,c8_r6,0.996
9,192.0,58.0,523.54,34.07,14.02,0.77,93.5,0.24,Geometric_c8_r6,Geometric,8,6,c8_r6,0.768
10,234.0,16.0,526.63,34.22,24.8,0.25,95.11,0.34,Geometric_c8_r6,Geometric,8,6,c8_r6,0.936
11,229.0,21.0,651.2,57.29,20.24,0.78,112.34,0.31,Geometric_c8_r6,Geometric,8,6,c8_r6,0.916
12,193.0,57.0,577.56,56.72,20.95,0.65,106.0,0.2,Geometric_c8_r6,Geometric,8,6,c8_r6,0.772
13,176.0,74.0,563.26,41.3,37.91,0.65,106.0,0.3,Geometric_c8_r6,Geometric,8,6,c8_r6,0.704
14,230.0,20.0,553.14,46.22,16.26,0.74,106.0,0.5,Geometric_c8_r6,Geometric,8,6,c8_r6,0.92
15,206.0,44.0,537.63,42.69,25.66,0.59,106.09,0.41,Geometric_c8_r6,Geometric,8,6,c8_r6,0.824
16,233.0,17.0,520.96,45.0,17.25,0.57,132.36,0.37,Geometric_c8_r6,Geometric,8,6,c8_r6,0.932
17,245.0,5.0,515.31,45.98,21.64,0.47,106.0,0.28,Geometric_c8_r6,Geometric,8,6,c8_r6,0.98
18,218.0,32.0,520.82,42.63,29.93,0.51,109.59,0.36,Geometric_c8_r6,Geometric,8,6,c8_r6,0.872
19,226.0,24.0,534.44,42.07,20.08,0.22,106.0,0.36,Geometric_c8_r6,Geometric,8,6,c8_r6,0.904
20,247.0,3.0,522.44,40.79,27.59,0.54,106.24,0.26,Geometric_c8_r6,Geometric,8,6,c8_r6,0.988
21,233.0,17.0,592.45,18.41,31.75,0.48,67.73,0.27,Geometric_c8_r6,Geometric,8,6,c8_r6,0.932
22,207.0,43.0,577.35,21.98,21.09,0.35,65.5,1.06,Geometric_c8_r6,Geometric,8,6,c8_r6,0.828
23,223.0,27.0,592.9,21.05,23.64,0.24,66.66,0.71,Geometric_c8_r6,Geometric,8,6,c8_r6,0.892
24,217.0,33.0,582.45,18.29,34.6,0.53,71.16,0.38,Geometric_c8_r6,Geometric,8,6,c8_r6,0.868
25,250.0,0.0,586.85,20.83,34.72,0.6,67.07,0.33,Geometric_c8_r6,Geometric,8,6,c8_r6,1.0
26,247.0,3.0,581.77,18.86,34.48,0.82,65.77,0.51,Geometric_c8_r6,Geometric,8,6,c8_r6,0.988
27,221.0,29.0,572.7,17.91,28.87,0.37,65.5,0.35,Geometric_c8_r6,Geometric,8,6,c8_r6,0.884
28,197.0,53.0,578.2,17.73,35.2,0.6,65.59,0.45,Geometric_c8_r6,Geometric,8,6,c8_r6,0.788
29,186.0,64.0,581.5,17.45,32.59,0.71,67.99,0.25,Geometric_c8_r6,Geometric,8,6,c8_r6,0.744
30,247.0,3.0,587.46,19.74,29.67,0.6,67.6,0.26,Geometric_c8_r6,Geometric,8,6,c8_r6,0.988
1,149.0,101.0,516.46,13.75,30.47,0.66,96.65,0.27,Geometric_c8_r8,Geometric,8,8,c8_r8,0.596
2,191.0,59.0,479.79,32.26,21.85,0.55,96.78,0.38,Geometric_c8_r8,Geometric,8,8,c8_r8,0.764
3,170.0,80.0,430.24,32.04,23.48,0.53,96.6,0.39,Geometric_c8_r8,Geometric,8,8,c8_r8,0.68
4,71.0,179.0,434.79,35.81,41.17,0.76,96.5,0.26,Geometric_c8_r8,Geometric,8,8,c8_r8,0.284
5,135.0,115.0,446.79,36.83,22.22,0.78,98.08,0.23,Geometric_c8_r8,Geometric,8,8,c8_r8,0.54
6,155.0,95.0,458.3,34.56,29.43,0.63,96.61,0.3,Geometric_c8_r8,Geometric,8,8,c8_r8,0.62
7,191.0,59.0,439.77,39.64,15.63,0.74,106.56,0.26,Geometric_c8_r8,Geometric,8,8,c8_r8,0.764
8,170.0,80.0,418.46,39.03,21.09,0.34,96.64,0.33,Geometric_c8_r8,Geometric,8,8,c8_r8,0.68
9,212.0,38.0,400.23,40.85,23.68,0.67,98.08,0.29,Geometric_c8_r8,Geometric,8,8,c8_r8,0.848
10,199.0,51.0,407.45,43.57,19.21,0.71,107.19,0.21,Geometric_c8_r8,Geometric,8,8,c8_r8,0.796
11,214.0,36.0,400.87,4.1,40.92,0.68,45.02,0.24,Geometric_c8_r8,Geometric,8,8,c8_r8,0.856
12,229.0,21.0,467.83,8.83,40.24,0.72,45.0,0.25,Geometric_c8_r8,Geometric,8,8,c8_r8,0.916
13,220.0,30.0,433.94,7.52,30.66,0.33,44.36,0.38,Geometric_c8_r8,Geometric,8,8,c8_r8,0.88
14,206.0,44.0,434.22,7.27,34.51,0.35,45.03,0.3,Geometric_c8_r8,Geometric,8,8,c8_r8,0.824
15,210.0,40.0,441.44,6.66,38.05,0.55,44.0,0.25,Geometric_c8_r8,Geometric,8,8,c8_r8,0.84
16,210.0,40.0,441.08,7.55,31.77,0.31,44.11,0.33,Geometric_c8_r8,Geometric,8,8,c8_r8,0.84
17,200.0,50.0,475.3,8.63,35.27,0.69,46.18,0.25,Geometric_c8_r8,Geometric,8,8,c8_r8,0.8
18,207.0,43.0,466.34,9.75,39.55,0.69,44.14,0.26,Geometric_c8_r8,Geometric,8,8,c8_r8,0.828
19,206.0,44.0,465.13,9.13,36.88,0.73,45.44,0.25,Geometric_c8_r8,Geometric,8,8,c8_r8,0.824
20,207.0,43.0,477.54,8.65,36.97,0.44,44.36,0.31,Geometric_c8_r8,Geometric,8,8,c8_r8,0.828
21,225.0,25.0,648.38,15.57,36.8,0.51,90.55,0.42,Geometric_c8_r8,Geometric,8,8,c8_r8,0.9
22,226.0,24.0,557.69,26.78,26.83,0.7,99.95,0.34,Geometric_c8_r8,Geometric,8,8,c8_r8,0.904
23,230.0,20.0,619.33,27.92,28.27,0.24,89.89,0.42,Geometric_c8_r8,Geometric,8,8,c8_r8,0.92
24,234.0,16.0,638.42,29.8,35.06,0.7,91.89,0.64,Geometric_c8_r8,Geometric,8,8,c8_r8,0.936
25,231.0,19.0,654.58,30.58,31.93,0.56,93.31,0.42,Geometric_c8_r8,Geometric,8,8,c8_r8,0.924
26,219.0,31.0,672.32,28.45,35.29,0.57,118.09,0.56,Geometric_c8_r8,Geometric,8,8,c8_r8,0.876
27,218.0,32.0,666.56,29.61,29.12,0.61,89.88,0.38,Geometric_c8_r8,Geometric,8,8,c8_r8,0.872
28,236.0,14.0,665.03,30.52,29.38,0.39,99.55,0.41,Geometric_c8_r8,Geometric,8,8,c8_r8,0.944
29,233.0,17.0,668.21,30.07,26.55,0.45,145.58,0.37,Geometric_c8_r8,Geometric,8,8,c8_r8,0.932
30,241.0,9.0,557.08,35.85,27.52,0.33,95.02,0.36,Geometric_c8_r8,Geometric,8,8,c8_r8,0.964
1,224.0,26.0,733.43,26.14,12.88,0.14,56.5,0.1,MPMOQ_c8_r4,MPMOQ,8,4,c8_r4,0.896
2,228.0,22.0,669.99,24.36,14.7,0.24,56.5,0.1,MPMOQ_c8_r4,MPMOQ,8,4,c8_r4,0.912
3,220.0,30.0,656.15,24.46,12.35,0.19,56.5,0.1,MPMOQ_c8_r4,MPMOQ,8,4,c8_r4,0.88
4,220.0,30.0,667.74,24.38,15.19,0.31,56.62,0.1,MPMOQ_c8_r4,MPMOQ,8,4,c8_r4,0.88
5,232.0,18.0,673.52,24.66,15.54,0.19,56.5,0.09,MPMOQ_c8_r4,MPMOQ,8,4,c8_r4,0.928
6,224.0,26.0,671.04,24.73,14.5,0.16,58.74,0.09,MPMOQ_c8_r4,MPMOQ,8,4,c8_r4,0.896
7,229.0,21.0,674.57,24.75,12.46,0.14,59.01,0.09,MPMOQ_c8_r4,MPMOQ,8,4,c8_r4,0.916
8,215.0,35.0,673.46,24.93,14.25,0.16,59.77,0.09,MPMOQ_c8_r4,MPMOQ,8,4,c8_r4,0.86
9,224.0,26.0,671.65,25.01,13.29,0.19,56.5,0.1,MPMOQ_c8_r4,MPMOQ,8,4,c8_r4,0.896
10,226.0,24.0,667.86,24.95,13.89,0.19,58.72,0.1,MPMOQ_c8_r4,MPMOQ,8,4,c8_r4,0.904
11,224.0,26.0,671.89,25.09,12.2,0.22,56.53,0.09,MPMOQ_c8_r4,MPMOQ,8,4,c8_r4,0.896
12,221.0,29.0,673.72,25.19,15.11,0.2,57.15,0.09,MPMOQ_c8_r4,MPMOQ,8,4,c8_r4,0.884
13,223.0,27.0,678.57,25.12,13.26,0.25,60.17,0.09,MPMOQ_c8_r4,MPMOQ,8,4,c8_r4,0.892
14,232.0,18.0,681.3,25.07,11.31,0.21,56.5,0.08,MPMOQ_c8_r4,MPMOQ,8,4,c8_r4,0.928
15,233.0,17.0,682.16,25.08,15.07,0.2,56.5,0.08,MPMOQ_c8_r4,MPMOQ,8,4,c8_r4,0.932
16,221.0,29.0,678.16,25.05,13.87,0.2,57.24,0.08,MPMOQ_c8_r4,MPMOQ,8,4,c8_r4,0.884
17,222.0,28.0,677.59,25.12,13.3,0.11,57.54,0.08,MPMOQ_c8_r4,MPMOQ,8,4,c8_r4,0.888
18,232.0,18.0,679.55,25.02,14.08,0.23,59.02,0.18,MPMOQ_c8_r4,MPMOQ,8,4,c8_r4,0.928
19,222.0,28.0,679.56,25.04,13.43,0.21,56.58,0.08,MPMOQ_c8_r4,MPMOQ,8,4,c8_r4,0.888
20,230.0,20.0,679.31,25.03,12.3,0.19,56.5,0.08,MPMOQ_c8_r4,MPMOQ,8,4,c8_r4,0.92
21,228.0,22.0,681.8,25.03,13.63,0.14,56.5,0.08,MPMOQ_c8_r4,MPMOQ,8,4,c8_r4,0.912
22,227.0,23.0,677.97,25.03,12.86,0.14,58.55,0.08,MPMOQ_c8_r4,MPMOQ,8,4,c8_r4,0.908
23,229.0,21.0,680.74,24.97,13.41,0.21,56.5,0.08,MPMOQ_c8_r4,MPMOQ,8,4,c8_r4,0.916
24,223.0,27.0,680.42,25.02,13.23,0.14,56.5,0.08,MPMOQ_c8_r4,MPMOQ,8,4,c8_r4,0.892
25,228.0,22.0,679.35,25.01,14.2,0.19,57.4,0.08,MPMOQ_c8_r4,MPMOQ,8,4,c8_r4,0.912
26,229.0,21.0,680.34,24.97,11.83,0.26,56.5,0.09,MPMOQ_c8_r4,MPMOQ,8,4,c8_r4,0.916
27,220.0,30.0,681.36,24.97,13.99,0.23,56.5,0.08,MPMOQ_c8_r4,MPMOQ,8,4,c8_r4,0.88
28,227.0,23.0,678.62,25.0,13.76,0.2,56.5,0.08,MPMOQ_c8_r4,MPMOQ,8,4,c8_r4,0.908
29,230.0,20.0,675.99,24.92,15.27,0.26,56.5,0.09,MPMOQ_c8_r4,MPMOQ,8,4,c8_r4,0.92
30,226.0,24.0,675.97,24.92,14.06,0.22,56.52,0.08,MPMOQ_c8_r4,MPMOQ,8,4,c8_r4,0.904
1,214.0,36.0,662.33,24.18,15.94,0.21,74.53,0.13,MPMOQ_c8_r6,MPMOQ,8,6,c8_r6,0.856
2,214.0,36.0,668.4,22.98,14.93,0.21,71.41,0.14,MPMOQ_c8_r6,MPMOQ,8,6,c8_r6,0.856
3,215.0,35.0,671.26,22.36,15.31,0.14,71.0,0.09,MPMOQ_c8_r6,MPMOQ,8,6,c8_r6,0.86
4,220.0,30.0,680.29,22.25,15.31,0.19,71.0,0.09,MPMOQ_c8_r6,MPMOQ,8,6,c8_r6,0.88
5,216.0,34.0,660.37,22.0,13.75,0.12,71.79,0.11,MPMOQ_c8_r6,MPMOQ,8,6,c8_r6,0.864
6,213.0,37.0,667.3,22.39,15.93,0.24,71.12,0.1,MPMOQ_c8_r6,MPMOQ,8,6,c8_r6,0.852
7,217.0,33.0,672.92,22.15,15.72,0.21,71.0,0.11,MPMOQ_c8_r6,MPMOQ,8,6,c8_r6,0.868
8,214.0,36.0,678.45,21.91,15.39,0.14,71.0,0.11,MPMOQ_c8_r6,MPMOQ,8,6,c8_r6,0.856
9,212.0,38.0,678.15,21.98,15.48,0.21,78.54,0.1,MPMOQ_c8_r6,MPMOQ,8,6,c8_r6,0.848
10,218.0,32.0,677.83,22.1,14.63,0.22,71.0,0.1,MPMOQ_c8_r6,MPMOQ,8,6,c8_r6,0.872
11,215.0,35.0,678.52,22.22,14.44,0.19,72.61,0.11,MPMOQ_c8_r6,MPMOQ,8,6,c8_r6,0.86
12,198.0,52.0,676.95,22.26,16.07,0.18,71.0,0.09,MPMOQ_c8_r6,MPMOQ,8,6,c8_r6,0.792
13,220.0,30.0,671.93,22.2,13.55,0.17,71.0,0.1,MPMOQ_c8_r6,MPMOQ,8,6,c8_r6,0.88
14,212.0,38.0,675.47,22.35,13.72,0.26,71.0,0.09,MPMOQ_c8_r6,MPMOQ,8,6,c8_r6,0.848
15,211.0,39.0,672.67,22.32,16.18,0.21,71.0,0.1,MPMOQ_c8_r6,MPMOQ,8,6,c8_r6,0.844
16,221.0,29.0,672.28,22.3,14.76,0.18,73.41,0.09,MPMOQ_c8_r6,MPMOQ,8,6,c8_r6,0.884
17,206.0,44.0,672.13,22.22,15.12,0.24,71.12,0.09,MPMOQ_c8_r6,MPMOQ,8,6,c8_r6,0.824
18,214.0,36.0,671.55,22.23,15.12,0.18,71.0,0.1,MPMOQ_c8_r6,MPMOQ,8,6,c8_r6,0.856
19,215.0,35.0,671.89,22.19,15.69,0.19,71.06,0.09,MPMOQ_c8_r6,MPMOQ,8,6,c8_r6,0.86
20,212.0,38.0,673.2,22.37,13.09,0.21,71.03,0.1,MPMOQ_c8_r6,MPMOQ,8,6,c8_r6,0.848
21,222.0,28.0,670.93,22.38,16.1,0.22,71.0,0.09,MPMOQ_c8_r6,MPMOQ,8,6,c8_r6,0.888
22,217.0,33.0,671.53,22.37,14.19,0.17,71.01,0.09,MPMOQ_c8_r6,MPMOQ,8,6,c8_r6,0.868
23,219.0,31.0,670.87,22.28,14.15,0.16,74.51,0.09,MPMOQ_c8_r6,MPMOQ,8,6,c8_r6,0.876
24,218.0,32.0,669.09,22.31,16.19,0.18,71.07,0.09,MPMOQ_c8_r6,MPMOQ,8,6,c8_r6,0.872
25,196.0,54.0,666.63,22.47,15.21,0.24,71.0,0.09,MPMOQ_c8_r6,MPMOQ,8,6,c8_r6,0.784
26,215.0,35.0,667.71,22.42,14.98,0.17,71.13,0.09,MPMOQ_c8_r6,MPMOQ,8,6,c8_r6,0.86
27,216.0,34.0,664.01,22.36,14.56,0.17,71.02,0.1,MPMOQ_c8_r6,MPMOQ,8,6,c8_r6,0.864
28,211.0,39.0,662.14,22.28,14.8,0.15,72.67,0.09,MPMOQ_c8_r6,MPMOQ,8,6,c8_r6,0.844
29,216.0,34.0,662.55,22.36,14.97,0.17,73.79,0.11,MPMOQ_c8_r6,MPMOQ,8,6,c8_r6,0.864
30,210.0,40.0,662.57,22.41,15.51,0.2,71.99,0.11,MPMOQ_c8_r6,MPMOQ,8,6,c8_r6,0.84
1,214.0,36.0,662.33,24.18,15.94,0.21,74.53,0.13,MPMOQ_c8_r8,MPMOQ,8,8,c8_r8,0.856
2,214.0,36.0,668.4,22.98,14.93,0.21,71.41,0.14,MPMOQ_c8_r8,MPMOQ,8,8,c8_r8,0.856
3,215.0,35.0,671.26,22.36,15.31,0.14,71.0,0.09,MPMOQ_c8_r8,MPMOQ,8,8,c8_r8,0.86
4,220.0,30.0,680.29,22.25,15.31,0.19,71.0,0.09,MPMOQ_c8_r8,MPMOQ,8,8,c8_r8,0.88
5,216.0,34.0,660.37,22.0,13.75,0.12,71.79,0.11,MPMOQ_c8_r8,MPMOQ,8,8,c8_r8,0.864
6,213.0,37.0,667.3,22.39,15.93,0.24,71.12,0.1,MPMOQ_c8_r8,MPMOQ,8,8,c8_r8,0.852
7,217.0,33.0,672.92,22.15,15.72,0.21,71.0,0.11,MPMOQ_c8_r8,MPMOQ,8,8,c8_r8,0.868
8,214.0,36.0,678.45,21.91,15.39,0.14,71.0,0.11,MPMOQ_c8_r8,MPMOQ,8,8,c8_r8,0.856
9,212.0,38.0,678.15,21.98,15.48,0.21,78.54,0.1,MPMOQ_c8_r8,MPMOQ,8,8,c8_r8,0.848
10,218.0,32.0,677.83,22.1,14.63,0.22,71.0,0.1,MPMOQ_c8_r8,MPMOQ,8,8,c8_r8,0.872
11,215.0,35.0,678.52,22.22,14.44,0.19,72.61,0.11,MPMOQ_c8_r8,MPMOQ,8,8,c8_r8,0.86
12,198.0,52.0,676.95,22.26,16.07,0.18,71.0,0.09,MPMOQ_c8_r8,MPMOQ,8,8,c8_r8,0.792
13,220.0,30.0,671.93,22.2,13.55,0.17,71.0,0.1,MPMOQ_c8_r8,MPMOQ,8,8,c8_r8,0.88
14,212.0,38.0,675.47,22.35,13.72,0.26,71.0,0.09,MPMOQ_c8_r8,MPMOQ,8,8,c8_r8,0.848
15,211.0,39.0,672.67,22.32,16.18,0.21,71.0,0.1,MPMOQ_c8_r8,MPMOQ,8,8,c8_r8,0.844
16,221.0,29.0,672.28,22.3,14.76,0.18,73.41,0.09,MPMOQ_c8_r8,MPMOQ,8,8,c8_r8,0.884
17,206.0,44.0,672.13,22.22,15.12,0.24,71.12,0.09,MPMOQ_c8_r8,MPMOQ,8,8,c8_r8,0.824
18,214.0,36.0,671.55,22.23,15.12,0.18,71.0,0.1,MPMOQ_c8_r8,MPMOQ,8,8,c8_r8,0.856
19,215.0,35.0,671.89,22.19,15.69,0.19,71.06,0.09,MPMOQ_c8_r8,MPMOQ,8,8,c8_r8,0.86
20,212.0,38.0,673.2,22.37,13.09,0.21,71.03,0.1,MPMOQ_c8_r8,MPMOQ,8,8,c8_r8,0.848
21,222.0,28.0,670.93,22.38,16.1,0.22,71.0,0.09,MPMOQ_c8_r8,MPMOQ,8,8,c8_r8,0.888
22,217.0,33.0,671.53,22.37,14.19,0.17,71.01,0.09,MPMOQ_c8_r8,MPMOQ,8,8,c8_r8,0.868
23,219.0,31.0,670.87,22.28,14.15,0.16,74.51,0.09,MPMOQ_c8_r8,MPMOQ,8,8,c8_r8,0.876
24,218.0,32.0,669.09,22.31,16.19,0.18,71.07,0.09,MPMOQ_c8_r8,MPMOQ,8,8,c8_r8,0.872
25,196.0,54.0,666.63,22.47,15.21,0.24,71.0,0.09,MPMOQ_c8_r8,MPMOQ,8,8,c8_r8,0.784
26,215.0,35.0,667.71,22.42,14.98,0.17,71.13,0.09,MPMOQ_c8_r8,MPMOQ,8,8,c8_r8,0.86
27,216.0,34.0,664.01,22.36,14.56,0.17,71.02,0.1,MPMOQ_c8_r8,MPMOQ,8,8,c8_r8,0.864
28,211.0,39.0,662.14,22.28,14.8,0.15,72.67,0.09,MPMOQ_c8_r8,MPMOQ,8,8,c8_r8,0.844
29,216.0,34.0,662.55,22.36,14.97,0.17,73.79,0.11,MPMOQ_c8_r8,MPMOQ,8,8,c8_r8,0.864
30,210.0,40.0,662.57,22.41,15.51,0.2,71.99,0.11,MPMOQ_c8_r8,MPMOQ,8,8,c8_r8,0.84
1,227.0,23.0,357.53,48.71,13.86,0.81,111.67,0.55,PQL_c8_r4,PQL,8,4,c8_r4,0.908
2,178.0,72.0,471.63,43.8,12.92,0.77,112.15,0.63,PQL_c8_r4,PQL,8,4,c8_r4,0.712
3,223.0,27.0,450.71,50.9,11.74,0.87,113.79,0.43,PQL_c8_r4,PQL,8,4,c8_r4,0.892
4,250.0,0.0,498.17,54.63,13.45,0.87,124.43,0.43,PQL_c8_r4,PQL,8,4,c8_r4,1.0
5,222.0,28.0,519.9,56.52,11.82,0.88,111.5,0.38,PQL_c8_r4,PQL,8,4,c8_r4,0.888
6,250.0,0.0,492.84,57.86,14.02,0.87,138.95,0.44,PQL_c8_r4,PQL,8,4,c8_r4,1.0
7,250.0,0.0,474.75,58.79,13.22,0.87,111.5,0.38,PQL_c8_r4,PQL,8,4,c8_r4,1.0
8,250.0,0.0,483.1,59.49,11.18,0.88,111.92,0.37,PQL_c8_r4,PQL,8,4,c8_r4,1.0
9,244.0,6.0,453.79,59.96,13.65,0.87,124.39,0.35,PQL_c8_r4,PQL,8,4,c8_r4,0.976
10,233.0,17.0,456.2,60.36,11.26,0.88,113.3,0.42,PQL_c8_r4,PQL,8,4,c8_r4,0.932
11,250.0,0.0,449.3,20.11,22.14,0.68,52.85,0.7,PQL_c8_r4,PQL,8,4,c8_r4,1.0
12,250.0,0.0,531.84,12.14,26.58,0.87,53.13,0.78,PQL_c8_r4,PQL,8,4,c8_r4,1.0
13,250.0,0.0,531.48,9.46,27.62,0.87,53.97,0.43,PQL_c8_r4,PQL,8,4,c8_r4,1.0
14,250.0,0.0,526.39,8.09,23.19,0.87,52.58,0.42,PQL_c8_r4,PQL,8,4,c8_r4,1.0
15,250.0,0.0,516.78,8.74,25.03,0.78,55.28,0.61,PQL_c8_r4,PQL,8,4,c8_r4,1.0
16,250.0,0.0,500.38,7.95,25.43,0.87,53.91,0.52,PQL_c8_r4,PQL,8,4,c8_r4,1.0
17,250.0,0.0,493.02,7.83,24.13,0.84,52.57,0.53,PQL_c8_r4,PQL,8,4,c8_r4,1.0
18,250.0,0.0,488.91,8.84,23.73,0.77,53.2,0.5,PQL_c8_r4,PQL,8,4,c8_r4,1.0
19,230.0,20.0,478.95,8.29,22.78,0.8,53.91,0.8,PQL_c8_r4,PQL,8,4,c8_r4,0.92
20,250.0,0.0,493.4,7.87,24.8,0.87,53.15,0.48,PQL_c8_r4,PQL,8,4,c8_r4,1.0
21,250.0,0.0,343.01,31.94,26.35,0.87,66.36,0.5,PQL_c8_r4,PQL,8,4,c8_r4,1.0
22,250.0,0.0,400.97,31.94,24.71,0.87,69.1,0.59,PQL_c8_r4,PQL,8,4,c8_r4,1.0
23,250.0,0.0,374.58,31.94,24.23,0.87,66.6,0.53,PQL_c8_r4,PQL,8,4,c8_r4,1.0
24,250.0,0.0,422.34,31.27,23.97,0.83,72.31,0.64,PQL_c8_r4,PQL,8,4,c8_r4,1.0
25,250.0,0.0,441.09,31.41,24.86,0.87,66.38,0.62,PQL_c8_r4,PQL,8,4,c8_r4,1.0
26,250.0,0.0,464.31,31.51,26.21,0.88,67.28,0.47,PQL_c8_r4,PQL,8,4,c8_r4,1.0
27,236.0,14.0,469.2,31.35,22.42,0.73,69.11,0.68,PQL_c8_r4,PQL,8,4,c8_r4,0.944
28,250.0,0.0,497.52,30.85,25.2,0.8,66.0,0.6,PQL_c8_r4,PQL,8,4,c8_r4,1.0
29,250.0,0.0,495.74,30.98,23.27,0.88,67.63,0.48,PQL_c8_r4,PQL,8,4,c8_r4,1.0
30,250.0,0.0,521.37,31.07,23.42,0.87,69.42,0.48,PQL_c8_r4,PQL,8,4,c8_r4,1.0
1,250.0,0.0,555.58,60.67,20.61,0.86,100.22,0.71,PQL_c8_r6,PQL,8,6,c8_r6,1.0
2,250.0,0.0,594.02,62.21,18.05,0.85,90.56,1.19,PQL_c8_r6,PQL,8,6,c8_r6,1.0
3,250.0,0.0,563.37,56.69,21.79,0.78,91.92,0.68,PQL_c8_r6,PQL,8,6,c8_r6,1.0
4,250.0,0.0,534.91,51.92,25.31,0.71,86.47,0.69,PQL_c8_r6,PQL,8,6,c8_r6,1.0
5,250.0,0.0,548.59,52.94,22.91,0.84,97.49,0.52,PQL_c8_r6,PQL,8,6,c8_r6,1.0
6,250.0,0.0,525.66,52.15,22.26,0.79,90.1,0.48,PQL_c8_r6,PQL,8,6,c8_r6,1.0
7,250.0,0.0,501.48,53.77,16.02,0.87,85.0,0.61,PQL_c8_r6,PQL,8,6,c8_r6,1.0
8,249.0,1.0,511.03,52.57,22.46,0.77,110.42,0.47,PQL_c8_r6,PQL,8,6,c8_r6,0.996
9,250.0,0.0,503.15,51.98,22.05,0.79,87.47,0.54,PQL_c8_r6,PQL,8,6,c8_r6,1.0
10,250.0,0.0,548.59,52.94,22.91,0.84,97.49,0.52,PQL_c8_r6,PQL,8,6,c8_r6,1.0
11,189.0,61.0,676.9,49.23,19.95,0.82,71.5,0.65,PQL_c8_r6,PQL,8,6,c8_r6,0.756
12,193.0,57.0,555.24,49.59,22.87,0.82,97.76,0.58,PQL_c8_r6,PQL,8,6,c8_r6,0.772
13,250.0,0.0,566.97,55.24,17.83,0.87,76.87,0.48,PQL_c8_r6,PQL,8,6,c8_r6,1.0
14,249.0,1.0,522.32,56.95,22.05,0.85,71.5,0.49,PQL_c8_r6,PQL,8,6,c8_r6,0.996
15,250.0,0.0,496.97,58.51,17.54,0.87,85.29,0.54,PQL_c8_r6,PQL,8,6,c8_r6,1.0
16,230.0,20.0,494.09,56.52,19.98,0.81,96.61,0.57,PQL_c8_r6,PQL,8,6,c8_r6,0.92
17,248.0,2.0,469.86,57.67,17.8,0.88,71.5,0.49,PQL_c8_r6,PQL,8,6,c8_r6,0.992
18,250.0,0.0,449.27,58.43,18.11,0.86,87.49,0.49,PQL_c8_r6,PQL,8,6,c8_r6,1.0
19,250.0,0.0,450.17,53.62,29.29,0.82,72.25,1.19,PQL_c8_r6,PQL,8,6,c8_r6,1.0
20,209.0,41.0,511.3,53.0,15.61,0.87,85.0,0.45,PQL_c8_r6,PQL,8,6,c8_r6,0.836
21,250.0,0.0,490.18,15.95,37.83,0.87,51.24,0.51,PQL_c8_r6,PQL,8,6,c8_r6,1.0
22,250.0,0.0,469.44,15.95,37.16,0.87,51.18,0.51,PQL_c8_r6,PQL,8,6,c8_r6,1.0
23,250.0,0.0,472.76,15.95,35.94,0.77,52.48,1.06,PQL_c8_r6,PQL,8,6,c8_r6,1.0
24,250.0,0.0,531.44,15.96,38.0,0.88,51.12,0.52,PQL_c8_r6,PQL,8,6,c8_r6,1.0
25,191.0,59.0,535.36,15.96,32.27,0.87,49.5,0.47,PQL_c8_r6,PQL,8,6,c8_r6,0.764
26,250.0,0.0,516.35,15.95,39.97,0.87,62.5,0.5,PQL_c8_r6,PQL,8,6,c8_r6,1.0
27,149.0,101.0,502.4,14.95,33.7,0.74,49.75,1.05,PQL_c8_r6,PQL,8,6,c8_r6,0.596
28,204.0,46.0,507.17,15.07,30.35,0.87,51.22,0.47,PQL_c8_r6,PQL,8,6,c8_r6,0.816
29,250.0,0.0,507.97,15.17,36.5,0.87,52.92,0.54,PQL_c8_r6,PQL,8,6,c8_r6,1.0
30,235.0,15.0,514.7,15.24,29.83,0.87,51.34,0.52,PQL_c8_r6,PQL,8,6,c8_r6,0.94
1,228.0,22.0,494.78,31.86,39.17,0.88,77.65,0.35,PQL_c8_r8,PQL,8,8,c8_r8,0.912
2,227.0,23.0,471.39,28.0,40.59,0.75,76.81,0.66,PQL_c8_r8,PQL,8,8,c8_r8,0.908
3,238.0,12.0,502.17,23.74,41.33,0.76,75.86,0.46,PQL_c8_r8,PQL,8,8,c8_r8,0.952
4,227.0,23.0,495.32,28.36,36.99,0.79,76.6,0.42,PQL_c8_r8,PQL,8,8,c8_r8,0.908
5,230.0,20.0,471.91,29.07,41.77,0.87,104.08,0.37,PQL_c8_r8,PQL,8,8,c8_r8,0.92
6,231.0,19.0,508.72,29.54,41.63,0.87,77.72,0.33,PQL_c8_r8,PQL,8,8,c8_r8,0.924
7,226.0,24.0,515.37,27.41,38.48,0.78,75.83,0.42,PQL_c8_r8,PQL,8,8,c8_r8,0.904
8,225.0,25.0,513.77,27.84,41.13,0.86,75.5,0.28,PQL_c8_r8,PQL,8,8,c8_r8,0.9
9,229.0,21.0,513.59,27.87,36.0,0.77,88.07,0.51,PQL_c8_r8,PQL,8,8,c8_r8,0.916
10,229.0,21.0,508.44,28.28,40.22,0.88,75.5,0.29,PQL_c8_r8,PQL,8,8,c8_r8,0.916
11,250.0,0.0,361.02,63.76,24.37,0.87,152.82,0.51,PQL_c8_r8,PQL,8,8,c8_r8,1.0
12,250.0,0.0,499.27,63.76,21.83,0.87,97.52,0.57,PQL_c8_r8,PQL,8,8,c8_r8,1.0
13,250.0,0.0,487.72,63.78,24.64,0.87,108.89,0.62,PQL_c8_r8,PQL,8,8,c8_r8,1.0
14,250.0,0.0,489.62,63.8,21.76,0.87,98.73,0.49,PQL_c8_r8,PQL,8,8,c8_r8,1.0
15,250.0,0.0,483.84,63.84,23.52,0.75,109.2,0.66,PQL_c8_r8,PQL,8,8,c8_r8,1.0
16,250.0,0.0,502.44,60.33,38.99,0.69,98.88,1.12,PQL_c8_r8,PQL,8,8,c8_r8,1.0
17,250.0,0.0,519.92,60.85,23.51,0.87,107.26,0.45,PQL_c8_r8,PQL,8,8,c8_r8,1.0
18,250.0,0.0,538.97,61.25,22.93,0.88,152.63,0.42,PQL_c8_r8,PQL,8,8,c8_r8,1.0
19,250.0,0.0,541.63,61.54,24.64,0.87,109.43,0.48,PQL_c8_r8,PQL,8,8,c8_r8,1.0
20,250.0,0.0,533.93,61.76,23.75,0.87,109.57,0.56,PQL_c8_r8,PQL,8,8,c8_r8,1.0
21,233.0,17.0,516.75,32.0,40.04,0.87,88.1,0.35,PQL_c8_r8,PQL,8,8,c8_r8,0.932
22,250.0,0.0,543.03,33.34,44.71,0.85,113.19,0.97,PQL_c8_r8,PQL,8,8,c8_r8,1.0
23,230.0,20.0,585.12,32.91,42.39,0.88,113.26,0.53,PQL_c8_r8,PQL,8,8,c8_r8,0.92
24,221.0,29.0,558.5,36.36,32.56,0.75,94.81,0.88,PQL_c8_r8,PQL,8,8,c8_r8,0.884
25,237.0,13.0,555.39,35.48,41.45,0.87,88.13,0.74,PQL_c8_r8,PQL,8,8,c8_r8,0.948
26,225.0,25.0,532.64,34.94,37.15,0.87,88.42,0.51,PQL_c8_r8,PQL,8,8,c8_r8,0.9
27,235.0,15.0,532.08,34.52,40.02,0.88,86.74,0.56,PQL_c8_r8,PQL,8,8,c8_r8,0.94
28,231.0,19.0,533.62,34.2,41.9,0.87,88.07,0.57,PQL_c8_r8,PQL,8,8,c8_r8,0.924
29,238.0,12.0,534.66,33.95,38.09,0.87,86.58,0.42,PQL_c8_r8,PQL,8,8,c8_r8,0.952
30,223.0,27.0,540.01,33.76,41.22,0.88,88.1,0.47,PQL_c8_r8,PQL,8,8,c8_r8,0.892
